study_name,study_value,seed,regime,execution_mode,execution_billing_mode,noise_model,transpile_topology,method,best_raw_objective,best_valid_energy,feasible_hit_rate,mean_objective_variance,mean_approx_gap,elapsed_seconds,total_objective_calls,effective_shots,estimated_billed_seconds,estimated_qpu_cost_usd,win_share,exact_reference_available,best_params
regime,baseline,1,baseline,fast_simulator,job,depolarizing,auto,classical_markowitz,-0.5085661952267606,-0.5085661952267606,1.0,0.0,0.0,0.00014537500101141632,1,0.0,0.0,0.0,1.0,True,"[0.0, 1.0, 0.0, 1.0, 0.0, 0.0, 1.0, 0.0]"
regime,baseline,1,baseline,fast_simulator,job,depolarizing,auto,random,-0.42018150675951743,-0.5085661952267606,1.0,0.0011503323312020395,0.014556329974445123,0.019380582998564932,12,3840.0,24.01099450100446,0.0,0.0,True,"[5.108534819136938, 0.25604165828804903, 1.6892548664309213, 2.651610266663581]"
regime,baseline,1,baseline,fast_simulator,job,depolarizing,auto,spsa,-0.4279952014401689,-0.5085661952267606,1.0,0.0013804718973508244,0.004509775420363821,0.019552999998268206,12,3840.0,24.01093208498787,0.0,0.0,True,"[0.8177746675906779, 0.701808393805428, 5.443147795790966, 1.4302709904934046]"
regime,baseline,1,baseline,fast_simulator,job,depolarizing,auto,bayesian_optimization,-0.443999096085273,-0.5085661952267606,1.0,0.0010977453337927406,0.030940607307125723,0.8470911670010537,12,3840.0,24.012474956987717,0.0,0.0,True,"[3.458936035049703, 2.7922639376180287, 5.330245309677965, 1.490737075754312]"
regime,baseline,2,baseline,fast_simulator,job,depolarizing,auto,classical_markowitz,-0.2640860714520589,-0.2640860714520589,1.0,0.0,0.0,0.00013066700194031,1,0.0,0.0,0.0,1.0,True,"[1.0, 1.0, 0.0, 0.0, 1.0, 0.0, 0.0, 0.0]"
regime,baseline,2,baseline,fast_simulator,job,depolarizing,auto,random,-0.23838744204460874,-0.2640860714520589,1.0,0.00031173832497300113,0.0032639391873718893,0.019063667001319118,12,3840.0,24.0106401669982,0.0,0.0,True,"[0.2859075886318325, 1.2862071304201406, 1.2747023907968422, 1.7966150914948402]"
regime,baseline,2,baseline,fast_simulator,job,depolarizing,auto,spsa,-0.23904932680266314,-0.2640860714520589,1.0,0.00029344971763222626,0.003474099512134935,0.020097792003070936,12,3840.0,24.011501042004966,0.0,0.0,True,"[1.364678783594654, 2.887811752712915, 1.4147604986451654, 2.4356207421765683]"
regime,baseline,2,baseline,fast_simulator,job,depolarizing,auto,bayesian_optimization,-0.24438544036344825,-0.2640860714520589,1.0,0.00029768021366203987,0.0011880717142171149,0.4409440000017639,12,3840.0,24.011862417988596,0.0,0.0,True,"[1.0471975511965976, 0.0, 0.0, 0.7293334694574736]"
regime,baseline,3,baseline,fast_simulator,job,depolarizing,auto,classical_markowitz,-0.31174301182729963,-0.31174301182729963,1.0,0.0,0.0,0.00013025000225752592,1,0.0,0.0,0.0,1.0,True,"[0.0, 0.0, 1.0, 0.0, 0.0, 1.0, 1.0, 0.0]"
regime,baseline,3,baseline,fast_simulator,job,depolarizing,auto,random,-0.24696912034109306,-0.31174301182729963,1.0,0.001119273696666919,0.012909206412653973,0.018966915995406453,12,3840.0,24.010677876016416,0.0,0.0,True,"[2.8387934157492216, 1.3556715231969396, 1.6468828277616945, 2.462433928161701]"
regime,baseline,3,baseline,fast_simulator,job,depolarizing,auto,spsa,-0.26325028826238867,-0.31174301182729963,1.0,0.0011514271743228,0.0,0.018771499999274965,12,3840.0,24.010664667002857,0.0,0.0,True,"[0.32093765814163067, 2.8871367787676356, 3.28535498818389, 1.1869428359788885]"
regime,baseline,3,baseline,fast_simulator,job,depolarizing,auto,bayesian_optimization,-0.2554858048562529,-0.31174301182729963,1.0,0.0009589001572776172,0.009400226792509523,0.7006646250010817,12,3840.0,24.011817124992376,0.0,0.0,True,"[4.927486945792618, 0.7977708106078673, 3.845503201992422, 2.381759402022109]"
regime,low_correlation,1,low_correlation,fast_simulator,job,depolarizing,auto,classical_markowitz,-0.5205418443010765,-0.5205418443010765,1.0,0.0,0.0,0.00013558299542637542,1,0.0,0.0,0.0,1.0,True,"[0.0, 1.0, 0.0, 1.0, 0.0, 0.0, 1.0, 0.0]"
regime,low_correlation,1,low_correlation,fast_simulator,job,depolarizing,auto,random,-0.44582481747110025,-0.5205418443010765,1.0,0.0010145377754344695,0.020115140295191843,0.018899208000220824,12,3840.0,24.01058350099629,0.0,0.0,True,"[4.7361374573950235, 1.0230611203486157, 1.9132632550442672, 0.9275584795450752]"
regime,low_correlation,1,low_correlation,fast_simulator,job,depolarizing,auto,spsa,-0.4445830064807314,-0.5205418443010765,1.0,0.0013014258494973192,0.018030638696528472,0.019149125000694767,12,3840.0,24.010836791996553,0.0,0.0,True,"[5.536878818807158, 2.271317047979153, 4.196678011844925, 1.0454826984906318]"
regime,low_correlation,1,low_correlation,fast_simulator,job,depolarizing,auto,bayesian_optimization,-0.4706081120113234,-0.5205418443010765,1.0,0.0010273982374671513,0.016580068637660303,0.7005163330031792,12,3840.0,24.01193024800159,0.0,0.0,True,"[3.458936035049703, 2.7922639376180287, 5.330245309677965, 1.490737075754312]"
regime,low_correlation,2,low_correlation,fast_simulator,job,depolarizing,auto,classical_markowitz,-0.40359130735554377,-0.40359130735554377,1.0,0.0,0.0,0.00013787499483441934,1,0.0,0.0,0.0,1.0,True,"[0.0, 0.0, 1.0, 0.0, 1.0, 1.0, 0.0, 0.0]"
regime,low_correlation,2,low_correlation,fast_simulator,job,depolarizing,auto,random,-0.34318488071203557,-0.40359130735554377,1.0,0.0007960129541014724,0.011318881327730054,0.019057500001508743,12,3840.0,24.010768998996355,0.0,0.0,True,"[3.6334388811615477, 2.427215037420377, 2.359850160512727, 2.6070626344378547]"
regime,low_correlation,2,low_correlation,fast_simulator,job,depolarizing,auto,spsa,-0.3492479852942214,-0.40359130735554377,1.0,0.0005678560350076295,0.007545920885153369,0.019774542000959627,12,3840.0,24.01117500100372,0.0,0.0,True,"[5.617306493995924, 2.6351228938877256, 5.552505086068584, 1.3274200546420447]"
regime,low_correlation,2,low_correlation,fast_simulator,job,depolarizing,auto,bayesian_optimization,-0.35017880635465237,-0.40359130735554377,1.0,0.0007781485570496939,0.015091841770306738,0.6214481249990058,12,3840.0,24.011816459977126,0.0,0.0,True,"[1.0300609583813671, 2.602301579392082, 1.9654718564514178, 2.842919250838446]"
regime,low_correlation,3,low_correlation,fast_simulator,job,depolarizing,auto,classical_markowitz,-0.3624340099866899,-0.3624340099866899,1.0,0.0,0.0,0.00013174999912735075,1,0.0,0.0,0.0,1.0,True,"[0.0, 0.0, 1.0, 1.0, 0.0, 1.0, 0.0, 0.0]"
regime,low_correlation,3,low_correlation,fast_simulator,job,depolarizing,auto,random,-0.3197208800448161,-0.3624340099866899,1.0,0.000766582757803212,0.00010482315800858233,0.019345125001564156,12,3840.0,24.010766376981337,0.0,0.0,True,"[3.889947133212311, 0.16831150394306976, 5.098761724747245, 1.3874785591948269]"
regime,low_correlation,3,low_correlation,fast_simulator,job,depolarizing,auto,spsa,-0.322760563992566,-0.3624340099866899,1.0,0.0008653514861994607,0.003124178843818326,0.019209999998565763,12,3840.0,24.010698252015573,0.0,0.0,True,"[4.656983685499074, 3.0701066594969197, 5.0716214612152895, 0.8188449358958565]"
regime,low_correlation,3,low_correlation,fast_simulator,job,depolarizing,auto,bayesian_optimization,-0.3334061167347461,-0.3624340099866899,1.0,0.0007723480433697144,0.00405505558096488,0.6598852080060169,12,3840.0,24.01148482899589,0.0,0.0,True,"[2.484898985788337, 0.703160153351377, 5.181908201836298, 1.7373446815280948]"
regime,high_correlation,1,high_correlation,fast_simulator,job,depolarizing,auto,classical_markowitz,-0.48293064540281794,-0.48293064540281794,1.0,0.0,0.0,0.00013100000069243833,1,0.0,0.0,0.0,1.0,True,"[0.0, 1.0, 0.0, 1.0, 0.0, 0.0, 1.0, 0.0]"
regime,high_correlation,1,high_correlation,fast_simulator,job,depolarizing,auto,random,-0.4081582041901608,-0.48293064540281794,1.0,0.0013275534029392963,0.015917871600181946,0.019308041999465786,12,3840.0,24.01087733500026,0.0,0.0,True,"[4.7361374573950235, 1.0230611203486157, 1.9132632550442672, 0.9275584795450752]"
regime,high_correlation,1,high_correlation,fast_simulator,job,depolarizing,auto,spsa,-0.39829871682507106,-0.48293064540281794,1.0,0.001419941324406469,0.020820536101530118,0.018564292004157323,12,3840.0,24.01048324999283,0.0,0.0,True,"[5.528113069515944, 2.2741485084965185, 4.2029658564096115, 1.0426512379732666]"
regime,high_correlation,1,high_correlation,fast_simulator,job,depolarizing,auto,bayesian_optimization,-0.44436390870400005,-0.48293064540281794,1.0,0.0014337999393291949,0.010712737574799416,0.6164520419988548,12,3840.0,24.011786584007496,0.0,0.0,True,"[3.6389351930322373, 2.9301006473336306, 5.490730013462264, 1.4168565552729266]"
regime,high_correlation,2,high_correlation,fast_simulator,job,depolarizing,auto,classical_markowitz,-0.3328140527327124,-0.3328140527327124,1.0,0.0,0.0,0.00014479200035566464,1,0.0,0.0,0.0,1.0,True,"[0.0, 0.0, 1.0, 0.0, 1.0, 1.0, 0.0, 0.0]"
regime,high_correlation,2,high_correlation,fast_simulator,job,depolarizing,auto,random,-0.27875237434342787,-0.3328140527327124,1.0,0.0007235177095869365,0.009138830205736715,0.01903620899975067,12,3840.0,24.010736495991296,0.0,0.0,True,"[3.6334388811615477, 2.427215037420377, 2.359850160512727, 2.6070626344378547]"
regime,high_correlation,2,high_correlation,fast_simulator,job,depolarizing,auto,spsa,-0.2798521600184742,-0.3328140527327124,1.0,0.0006164776888245536,0.012018726890759501,0.018634791995282285,12,3840.0,24.01039516700257,0.0,0.0,True,"[5.617898231240129, 2.634531156643521, 5.553096823312789, 1.328011791886249]"
regime,high_correlation,2,high_correlation,fast_simulator,job,depolarizing,auto,bayesian_optimization,-0.2810490544884843,-0.3328140527327124,1.0,0.0005495300653258154,0.015148193651116465,0.5314869159992668,12,3840.0,24.01185570700909,0.0,0.0,True,"[5.3485799663881055, 1.0517868020425758, 6.1745684654731035, 1.2364286844397718]"
regime,high_correlation,3,high_correlation,fast_simulator,job,depolarizing,auto,classical_markowitz,-0.30621517324234954,-0.30621517324234954,1.0,0.0,0.0,0.0001327499994658865,1,0.0,0.0,0.0,1.0,True,"[0.0, 1.0, 1.0, 1.0, 0.0, 0.0, 0.0, 0.0]"
regime,high_correlation,3,high_correlation,fast_simulator,job,depolarizing,auto,random,-0.2621518331359262,-0.30621517324234954,1.0,0.0008265746979896349,0.002905446705931486,0.019647334003821015,12,3840.0,24.01117412601161,0.0,0.0,True,"[3.72693521879789, 1.4969428411878896, 3.0890639205960033, 3.001628810825512]"
regime,high_correlation,3,high_correlation,fast_simulator,job,depolarizing,auto,spsa,-0.2650502908478679,-0.30621517324234954,1.0,0.0010290520774407566,0.0031843637706424253,0.01966566599730868,12,3840.0,24.011047665997467,0.0,0.0,True,"[4.656983685499074, 3.0701066594969197, 5.0716214612152895, 0.8188449358958565]"
regime,high_correlation,3,high_correlation,fast_simulator,job,depolarizing,auto,bayesian_optimization,-0.2769928847886412,-0.30621517324234954,1.0,0.000959442090051903,0.0017325201932222312,0.7534883330008597,12,3840.0,24.01192074998835,0.0,0.0,True,"[2.484898985788337, 0.703160153351377, 5.181908201836298, 1.7373446815280948]"
regime,sparse_covariance,1,sparse_covariance,fast_simulator,job,depolarizing,auto,classical_markowitz,-0.5436945284753543,-0.5436945284753543,1.0,0.0,0.0,0.0001352500039502047,1,0.0,0.0,0.0,1.0,True,"[0.0, 1.0, 0.0, 1.0, 0.0, 0.0, 1.0, 0.0]"
regime,sparse_covariance,1,sparse_covariance,fast_simulator,job,depolarizing,auto,random,-0.4743211338640944,-0.5436945284753543,1.0,0.0010472759821984062,0.012756067166167562,0.020256832998711616,12,3840.0,24.011426041011873,0.0,0.0,True,"[5.23895535904799, 2.6325593370880287, 5.819854553034403, 1.8306289500526947]"
regime,sparse_covariance,1,sparse_covariance,fast_simulator,job,depolarizing,auto,spsa,-0.5028335128624093,-0.5436945284753543,1.0,0.0007784989081229659,0.0,0.019944084000599105,12,3840.0,24.01124991701363,0.0,0.0,True,"[1.3396929202896664, 1.2337706542589095, 5.73070381837783, 1.20961098378824]"
regime,sparse_covariance,1,sparse_covariance,fast_simulator,job,depolarizing,auto,bayesian_optimization,-0.497057648008189,-0.5436945284753543,1.0,0.0008249359003643167,0.013106647334932964,0.6961729589966126,12,3840.0,24.01168262399733,0.0,0.0,True,"[3.458936035049703, 2.7922639376180287, 5.330245309677965, 1.490737075754312]"
regime,sparse_covariance,2,sparse_covariance,fast_simulator,job,depolarizing,auto,classical_markowitz,-0.4374720006056617,-0.4374720006056617,1.0,0.0,0.0,0.00013520899665309116,1,0.0,0.0,0.0,1.0,True,"[0.0, 0.0, 1.0, 0.0, 1.0, 1.0, 0.0, 0.0]"
regime,sparse_covariance,2,sparse_covariance,fast_simulator,job,depolarizing,auto,random,-0.38995698234285076,-0.4374720006056617,1.0,0.0007974624216935296,0.00551855240189363,0.01825033399654785,12,3840.0,24.010321165995265,0.0,0.0,True,"[3.7769212971879065, 2.696915163219102, 3.5720313717626504, 1.1418711020449661]"
regime,sparse_covariance,2,sparse_covariance,fast_simulator,job,depolarizing,auto,spsa,-0.38055426339840953,-0.4374720006056617,1.0,0.0006722367788146907,0.01103710480378726,0.01803370800189441,12,3840.0,24.01010596101696,0.0,0.0,True,"[3.3583528065169337, 1.8363439302380615, 1.473404337219281, 0.9900630609030792]"
regime,sparse_covariance,2,sparse_covariance,fast_simulator,job,depolarizing,auto,bayesian_optimization,-0.38692685100550683,-0.4374720006056617,1.0,0.0007449074177240713,0.01578905830042965,0.42883816699759336,12,3840.0,24.011606998996285,0.0,0.0,True,"[0.0, 0.0, 0.0882626246373559, 1.3098617989109946]"
regime,sparse_covariance,3,sparse_covariance,fast_simulator,job,depolarizing,auto,classical_markowitz,-0.4063749893387222,-0.4063749893387222,1.0,0.0,0.0,0.00013145899720257148,1,0.0,0.0,0.0,1.0,True,"[0.0, 0.0, 1.0, 1.0, 0.0, 0.0, 1.0, 0.0]"
regime,sparse_covariance,3,sparse_covariance,fast_simulator,job,depolarizing,auto,random,-0.3708846915756017,-0.4063749893387222,1.0,0.0006599438191793051,0.0003069295537995176,0.018444417000864632,12,3840.0,24.010444291008753,0.0,0.0,True,"[3.2207448037571775, 1.271068686236798, 4.1804964850984945, 1.045700124952011]"
regime,sparse_covariance,3,sparse_covariance,fast_simulator,job,depolarizing,auto,spsa,-0.35619892487669436,-0.4063749893387222,1.0,0.0008090958880313364,0.0,0.018224416999146342,12,3840.0,24.010211413988145,0.0,0.0,True,"[2.538542809513931, 1.6344932511796255, 1.712415381421088, 2.1849718357830867]"
regime,sparse_covariance,3,sparse_covariance,fast_simulator,job,depolarizing,auto,bayesian_optimization,-0.3695925449669447,-0.4063749893387222,1.0,0.0006393088132191105,0.005347879854971621,0.5448377079956117,12,3840.0,24.01170499901491,0.0,0.0,True,"[4.579294088181532, 1.6269047061283999, 4.490475721899916, 2.689883765273989]"
regime,clustered_assets,1,clustered_assets,fast_simulator,job,depolarizing,auto,classical_markowitz,-0.517253901473621,-0.517253901473621,1.0,0.0,0.0,0.0001368750017718412,1,0.0,0.0,0.0,1.0,True,"[0.0, 1.0, 0.0, 1.0, 0.0, 0.0, 1.0, 0.0]"
regime,clustered_assets,1,clustered_assets,fast_simulator,job,depolarizing,auto,random,-0.44436736066335025,-0.517253901473621,1.0,0.0008558664327807062,0.020172433667331544,0.019265000002633315,12,3840.0,24.0109638349968,0.0,0.0,True,"[0.5893736912355805, 2.5270619680675264, 4.922452926667485, 0.4416578797323943]"
regime,clustered_assets,1,clustered_assets,fast_simulator,job,depolarizing,auto,spsa,-0.4403224849897108,-0.517253901473621,1.0,0.0011732445407537002,0.02338696837736493,0.01900829200167209,12,3840.0,24.010882373986533,0.0,0.0,True,"[5.530938039132266, 2.2746705839651473, 4.2085247489721995, 1.0421291625046383]"
regime,clustered_assets,1,clustered_assets,fast_simulator,job,depolarizing,auto,bayesian_optimization,-0.465796348543027,-0.517253901473621,1.0,0.0009642024424539967,0.02338696837736493,0.623353084003611,12,3840.0,24.011643832993286,0.0,0.0,True,"[3.458936035049703, 2.7922639376180287, 5.330245309677965, 1.490737075754312]"
regime,clustered_assets,2,clustered_assets,fast_simulator,job,depolarizing,auto,classical_markowitz,-0.4069491665411857,-0.4069491665411857,1.0,0.0,0.0,0.0001740420048008673,1,0.0,0.0,0.0,1.0,True,"[0.0, 0.0, 1.0, 0.0, 1.0, 1.0, 0.0, 0.0]"
regime,clustered_assets,2,clustered_assets,fast_simulator,job,depolarizing,auto,random,-0.3504598114211778,-0.4069491665411857,1.0,0.0007589730397444018,0.007542332388920978,0.01936237500194693,12,3840.0,24.010921207001957,0.0,0.0,True,"[3.6334388811615477, 2.427215037420377, 2.359850160512727, 2.6070626344378547]"
regime,clustered_assets,2,clustered_assets,fast_simulator,job,depolarizing,auto,spsa,-0.3533790492370029,-0.4069491665411857,1.0,0.0005067118453836415,0.01795436915848353,0.01866379100101767,12,3840.0,24.010372501994425,0.0,0.0,True,"[5.6166538219414415, 2.6357755659422084, 5.5518524140141015, 1.3267673825875619]"
regime,clustered_assets,2,clustered_assets,fast_simulator,job,depolarizing,auto,bayesian_optimization,-0.34695172315930956,-0.4069491665411857,1.0,0.0007077286587865011,0.007181747663393412,0.5143742500004009,12,3840.0,24.01191966699116,0.0,0.0,True,"[0.0, 2.5398412627646456, 1.1990519393178276, 0.7496483861928396]"
regime,clustered_assets,3,clustered_assets,fast_simulator,job,depolarizing,auto,classical_markowitz,-0.3658206699036788,-0.3658206699036788,1.0,0.0,0.0,0.00014433299656957388,1,0.0,0.0,0.0,1.0,True,"[0.0, 0.0, 1.0, 1.0, 0.0, 1.0, 0.0, 0.0]"
regime,clustered_assets,3,clustered_assets,fast_simulator,job,depolarizing,auto,random,-0.32754982324882015,-0.3658206699036788,1.0,0.0006773670321403129,0.00034011921923808586,0.019833040998491924,12,3840.0,24.011019832993043,0.0,0.0,True,"[3.279656662714017, 1.2665727603217598, 0.12752752811665916, 1.3733848293108488]"
regime,clustered_assets,3,clustered_assets,fast_simulator,job,depolarizing,auto,spsa,-0.32900458904912927,-0.3658206699036788,1.0,0.000797764839680549,0.0021721416880532466,0.01957020800182363,12,3840.0,24.011027790002117,0.0,0.0,True,"[4.656983685499074, 3.0701066594969197, 5.0716214612152895, 0.8188449358958565]"
regime,clustered_assets,3,clustered_assets,fast_simulator,job,depolarizing,auto,bayesian_optimization,-0.3434395198453509,-0.3658206699036788,1.0,0.0006389936924777843,0.0005923751334080222,0.443917832999432,12,3840.0,24.011845497014292,0.0,0.0,True,"[3.532096536984935, 1.7503577045479748, 6.229105753032895, 2.7845422327246925]"
regime,hard_budget,1,hard_budget,fast_simulator,job,depolarizing,auto,classical_markowitz,-0.31548064460844144,-0.31548064460844144,1.0,0.0,0.0,0.000134457994136028,1,0.0,0.0,0.0,1.0,True,"[0.0, 0.0, 1.0, 0.0, 0.0, 0.0, 1.0, 1.0]"
regime,hard_budget,1,hard_budget,fast_simulator,job,depolarizing,auto,random,-0.31226875037849444,-0.31548064460844144,1.0,6.6064714061645396e-06,0.00034599582190747896,0.019280707994767,12,3840.0,24.01077591399371,0.0,0.0,True,"[1.9725940374354967, 2.683365119754927, 3.2613674246850586, 1.5318155823854587]"
regime,hard_budget,1,hard_budget,fast_simulator,job,depolarizing,auto,spsa,-0.3110527901750088,-0.31548064460844144,1.0,7.240479288295187e-06,0.0003959289119749715,0.018411417004244868,12,3840.0,24.010353665020375,0.0,0.0,True,"[2.856480998782027, 0.7443929148686036, 0.008883755098161583, 1.4286919739116208]"
regime,hard_budget,1,hard_budget,fast_simulator,job,depolarizing,auto,bayesian_optimization,-0.31204184680372266,-0.31548064460844144,1.0,9.15440321560985e-06,6.91991643814958e-05,0.38152404200081946,12,3840.0,24.01168287499604,0.0,0.0,True,"[3.458936035049703, 2.7922639376180287, 5.330245309677965, 1.490737075754312]"
regime,hard_budget,2,hard_budget,fast_simulator,job,depolarizing,auto,classical_markowitz,-0.29153080181263985,-0.29153080181263985,1.0,0.0,0.0,0.00013404200581135228,1,0.0,0.0,0.0,1.0,True,"[0.0, 1.0, 0.0, 0.0, 0.0, 1.0, 0.0, 1.0]"
regime,hard_budget,2,hard_budget,fast_simulator,job,depolarizing,auto,random,-0.2867619788590551,-0.29153080181263985,1.0,6.655375193171757e-06,0.0010108840100012488,0.019703291996847838,12,3840.0,24.01117024999985,0.0,0.0,True,"[5.8496715678114075, 0.587193144985531, 0.057685270807790574, 1.619343450167605]"
regime,hard_budget,2,hard_budget,fast_simulator,job,depolarizing,auto,spsa,-0.28788701145011153,-0.29153080181263985,1.0,7.968414223895326e-06,0.000150730421718324,0.019601084000896662,12,3840.0,24.010991958995874,0.0,0.0,True,"[1.6859233567721432, 2.0713145713742547, 3.922676600784146, 2.824601956631164]"
regime,hard_budget,2,hard_budget,fast_simulator,job,depolarizing,auto,bayesian_optimization,-0.2880268060897401,-0.29153080181263985,1.0,6.453417545628874e-06,0.0010142174520724374,0.4763277919992106,12,3840.0,24.012026999007503,0.0,0.0,True,"[4.312444808568254, 1.0025185804392003, 4.840343664015726, 0.0]"
regime,hard_budget,3,hard_budget,fast_simulator,job,depolarizing,auto,classical_markowitz,-0.33501277574253246,-0.33501277574253246,1.0,0.0,0.0,0.0001367090007988736,1,0.0,0.0,0.0,1.0,True,"[0.0, 1.0, 0.0, 1.0, 0.0, 0.0, 1.0, 0.0]"
regime,hard_budget,3,hard_budget,fast_simulator,job,depolarizing,auto,random,-0.33015257210793164,-0.33501277574253246,1.0,1.3817218401007228e-05,0.0005030605070267119,0.01945341599639505,12,3840.0,24.010959333987557,0.0,0.0,True,"[4.5374953118807175, 0.6871147710521289, 5.214333015061552, 2.0660753542964665]"
regime,hard_budget,3,hard_budget,fast_simulator,job,depolarizing,auto,spsa,-0.3279803999578392,-0.33501277574253246,1.0,1.3359896269011379e-05,0.0009206586560089325,0.018960332999995444,12,3840.0,24.010699042009946,0.0,0.0,True,"[4.357567742772236, 2.6350743829209713, 5.271519127639272, 0.23762313687479975]"
regime,hard_budget,3,hard_budget,fast_simulator,job,depolarizing,auto,bayesian_optimization,-0.3288194524132161,-0.33501277574253246,1.0,1.5411768180645147e-05,0.000781459273014859,0.4588663750037085,12,3840.0,24.011922125006095,0.0,0.0,True,"[4.394496747171472, 1.6797852890226448, 2.6409605585621168, 1.217505715600008]"
asset_scale,6,1,baseline,fast_simulator,job,depolarizing,auto,classical_markowitz,-0.39974653794311393,-0.39974653794311393,1.0,0.0,0.0,5.3625000873580575e-05,1,0.0,0.0,0.0,1.0,True,"[1.0, 1.0, 0.0, 1.0, 0.0, 0.0]"
asset_scale,6,1,baseline,fast_simulator,job,depolarizing,auto,random,-0.39164990961624124,-0.39974653794311393,1.0,0.0004884107688070775,0.0017258088138088212,0.011198457999853417,12,3840.0,24.007621161996212,0.0,0.0,True,"[4.731517277815684, 0.6080336574497095, 0.6533082770967917, 0.12182813450250546]"
asset_scale,6,1,baseline,fast_simulator,job,depolarizing,auto,spsa,-0.3784006417815237,-0.39974653794311393,1.0,0.0004289645354412809,0.0008629044069044106,0.01218512500054203,12,3840.0,24.008259622991318,0.0,0.0,True,"[5.390943051732114, 2.9772397305558056, 2.8581311568157233, 1.5868231854975696]"
asset_scale,6,1,baseline,fast_simulator,job,depolarizing,auto,bayesian_optimization,-0.3904852262941936,-0.39974653794311393,1.0,0.0004275204900116662,0.0,0.6057767090023845,12,3840.0,24.009069959000044,0.0,0.0,True,"[1.8006821820520795, 1.0296171721222909, 1.7270747742480914, 2.733850075143332]"
asset_scale,6,2,baseline,fast_simulator,job,depolarizing,auto,classical_markowitz,-0.42129554937943514,-0.42129554937943514,1.0,0.0,0.0,6.69169967295602e-05,1,0.0,0.0,0.0,1.0,True,"[0.0, 0.0, 1.0, 0.0, 1.0, 1.0]"
asset_scale,6,2,baseline,fast_simulator,job,depolarizing,auto,random,-0.410546762599982,-0.42129554937943514,1.0,0.0003916934870516753,0.0,0.011535040997841861,12,3840.0,24.007877584001108,0.0,0.0,True,"[4.90628499286072, 1.4332516796177357, 1.280150452430953, 3.013710242983734]"
asset_scale,6,2,baseline,fast_simulator,job,depolarizing,auto,spsa,-0.3828028453797049,-0.42129554937943514,1.0,0.00046551497167102857,0.0,0.011330415996781085,12,3840.0,24.00769291802135,0.0,0.0,True,"[1.7749072534801802, 0.9312771451075138, 1.3700240854294683, 1.9240448883152177]"
asset_scale,6,2,baseline,fast_simulator,job,depolarizing,auto,bayesian_optimization,-0.39406983400064943,-0.42129554937943514,1.0,0.0005906463590369485,0.0019767883732327665,0.5202349169994704,12,3840.0,24.008871458987414,0.0,0.0,True,"[0.08102231341885555, 2.7186339979497838, 1.1354601758339535, 1.967799096970949]"
asset_scale,6,3,baseline,fast_simulator,job,depolarizing,auto,classical_markowitz,-0.37723895171632005,-0.37723895171632005,1.0,0.0,0.0,5.508399772224948e-05,1,0.0,0.0,0.0,1.0,True,"[0.0, 1.0, 1.0, 1.0, 0.0, 0.0]"
asset_scale,6,3,baseline,fast_simulator,job,depolarizing,auto,random,-0.3619316959889847,-0.37723895171632005,1.0,0.0013132846706945499,0.0,0.011452625003585126,12,3840.0,24.007814670003427,0.0,0.0,True,"[5.1526879042457825, 1.3464014876716894, 4.767087006005499, 2.759826894471708]"
asset_scale,6,3,baseline,fast_simulator,job,depolarizing,auto,spsa,-0.3422745734288385,-0.37723895171632005,1.0,0.001718679481078814,0.0,0.01071675000275718,12,3840.0,24.00730241700512,0.0,0.0,True,"[2.9762570186464306, 0.20814909722437186, 6.0392379514134955, 2.262929980267946]"
asset_scale,6,3,baseline,fast_simulator,job,depolarizing,auto,bayesian_optimization,-0.37465294355148293,-0.37723895171632005,1.0,0.0010969008712951832,0.0,0.6420116669978597,12,3840.0,24.00914454099984,0.0,0.0,True,"[6.056091414807695, 1.1123037435039067, 3.9505203014958514, 1.268527998825636]"
asset_scale,8,1,baseline,fast_simulator,job,depolarizing,auto,classical_markowitz,-0.5085661952267606,-0.5085661952267606,1.0,0.0,0.0,0.00013491699792211875,1,0.0,0.0,0.0,1.0,True,"[0.0, 1.0, 0.0, 1.0, 0.0, 0.0, 1.0, 0.0]"
asset_scale,8,1,baseline,fast_simulator,job,depolarizing,auto,random,-0.42018150675951743,-0.5085661952267606,1.0,0.0011503323312020395,0.014556329974445123,0.018842750003386755,12,3840.0,24.010684294000384,0.0,0.0,True,"[5.108534819136938, 0.25604165828804903, 1.6892548664309213, 2.651610266663581]"
asset_scale,8,1,baseline,fast_simulator,job,depolarizing,auto,spsa,-0.4279952014401689,-0.5085661952267606,1.0,0.0013804718973508244,0.004509775420363821,0.019182874995749444,12,3840.0,24.01048525301303,0.0,0.0,True,"[0.8177746675906779, 0.701808393805428, 5.443147795790966, 1.4302709904934046]"
asset_scale,8,1,baseline,fast_simulator,job,depolarizing,auto,bayesian_optimization,-0.443999096085273,-0.5085661952267606,1.0,0.0010977453337927406,0.030940607307125723,0.610157082999649,12,3840.0,24.011671043001115,0.0,0.0,True,"[3.458936035049703, 2.7922639376180287, 5.330245309677965, 1.490737075754312]"
asset_scale,8,2,baseline,fast_simulator,job,depolarizing,auto,classical_markowitz,-0.2640860714520589,-0.2640860714520589,1.0,0.0,0.0,0.00013454200234264135,1,0.0,0.0,0.0,1.0,True,"[1.0, 1.0, 0.0, 0.0, 1.0, 0.0, 0.0, 0.0]"
asset_scale,8,2,baseline,fast_simulator,job,depolarizing,auto,random,-0.23838744204460874,-0.2640860714520589,1.0,0.00031173832497300113,0.0032639391873718893,0.019368042005226016,12,3840.0,24.010815042012837,0.0,0.0,True,"[0.2859075886318325, 1.2862071304201406, 1.2747023907968422, 1.7966150914948402]"
asset_scale,8,2,baseline,fast_simulator,job,depolarizing,auto,spsa,-0.23904932680266314,-0.2640860714520589,1.0,0.00029344971763222626,0.003474099512134935,0.01868812500470085,12,3840.0,24.010488957988855,0.0,0.0,True,"[1.364678783594654, 2.887811752712915, 1.4147604986451654, 2.4356207421765683]"
asset_scale,8,2,baseline,fast_simulator,job,depolarizing,auto,bayesian_optimization,-0.24438544036344825,-0.2640860714520589,1.0,0.00029768021366203987,0.0011880717142171149,0.4129970409994712,12,3840.0,24.011739040004613,0.0,0.0,True,"[1.0471975511965976, 0.0, 0.0, 0.7293334694574736]"
asset_scale,8,3,baseline,fast_simulator,job,depolarizing,auto,classical_markowitz,-0.31174301182729963,-0.31174301182729963,1.0,0.0,0.0,0.00013854199642082676,1,0.0,0.0,0.0,1.0,True,"[0.0, 0.0, 1.0, 0.0, 0.0, 1.0, 1.0, 0.0]"
asset_scale,8,3,baseline,fast_simulator,job,depolarizing,auto,random,-0.24696912034109306,-0.31174301182729963,1.0,0.001119273696666919,0.012909206412653973,0.018948416000057478,12,3840.0,24.01065941599518,0.0,0.0,True,"[2.8387934157492216, 1.3556715231969396, 1.6468828277616945, 2.462433928161701]"
asset_scale,8,3,baseline,fast_simulator,job,depolarizing,auto,spsa,-0.26325028826238867,-0.31174301182729963,1.0,0.0011514271743228,0.0,0.018594665998534765,12,3840.0,24.01046816699818,0.0,0.0,True,"[0.32093765814163067, 2.8871367787676356, 3.28535498818389, 1.1869428359788885]"
asset_scale,8,3,baseline,fast_simulator,job,depolarizing,auto,bayesian_optimization,-0.2554858048562529,-0.31174301182729963,1.0,0.0009589001572776172,0.009400226792509523,0.7432968749999418,12,3840.0,24.012578622976434,0.0,0.0,True,"[4.927486945792618, 0.7977708106078673, 3.845503201992422, 2.381759402022109]"
asset_scale,10,1,baseline,fast_simulator,job,depolarizing,auto,classical_markowitz,-0.4587084495252784,-0.4587084495252784,1.0,0.0,0.0,0.00029379199986578897,1,0.0,0.0,0.0,1.0,True,"[0.0, 1.0, 0.0, 1.0, 0.0, 0.0, 1.0, 0.0, 0.0, 0.0]"
asset_scale,10,1,baseline,fast_simulator,job,depolarizing,auto,random,-0.3600557621181835,-0.4587084495252784,1.0,0.0024580744221401837,0.02075896818301097,0.02850745899922913,12,3840.0,24.01560662600241,0.0,0.0,True,"[1.8439615393016302, 2.6098948203123578, 5.320879577137494, 1.2617953311169698]"
asset_scale,10,1,baseline,fast_simulator,job,depolarizing,auto,spsa,-0.36302881838357015,-0.4587084495252784,1.0,0.0030012674573336243,0.016571424968735565,0.027658042003167793,12,3840.0,24.01554275097442,0.0,0.0,True,"[5.106301305380343, 3.029945483425894, 2.8728186060746688, 2.387010908977194]"
asset_scale,10,1,baseline,fast_simulator,job,depolarizing,auto,bayesian_optimization,-0.36119862239759926,-0.4587084495252784,1.0,0.003059258809732642,0.016571424968735565,0.6099361669985228,12,3840.0,24.015954832000716,0.0,0.0,True,"[3.458936035049703, 2.7922639376180287, 5.330245309677965, 1.490737075754312]"
asset_scale,10,2,baseline,fast_simulator,job,depolarizing,auto,classical_markowitz,-0.36691756128181197,-0.36691756128181197,1.0,0.0,0.0,0.0002872499971999787,1,0.0,0.0,0.0,1.0,True,"[0.0, 0.0, 1.0, 0.0, 1.0, 1.0, 0.0, 0.0, 0.0, 0.0]"
asset_scale,10,2,baseline,fast_simulator,job,depolarizing,auto,random,-0.25806226978494234,-0.36691756128181197,1.0,0.0020971217477369166,0.024400917617332995,0.026875041003222577,12,3840.0,24.014733289986907,0.0,0.0,True,"[2.0878891400085577, 0.32841663148903655, 2.657682056882662, 2.826982393583227]"
asset_scale,10,2,baseline,fast_simulator,job,depolarizing,auto,spsa,-0.25528878687939904,-0.36691756128181197,1.0,0.0018556031097045952,0.029004042059257357,0.027184374994249083,12,3840.0,24.01475504001428,0.0,0.0,True,"[1.3328405000978116, 1.4605503973850362, 1.2323220355827287, 3.0810637388879223]"
asset_scale,10,2,baseline,fast_simulator,job,depolarizing,auto,bayesian_optimization,-0.2567496040741047,-0.3545067553503321,1.0,0.0014860410520148796,0.05278284908696349,0.6749787919980008,12,3840.0,24.019571786971937,0.0,0.0,True,"[4.464731459503119, 1.2487505638450946, 6.05831193656288, 0.6776578551241305]"
asset_scale,10,3,baseline,fast_simulator,job,depolarizing,auto,classical_markowitz,-0.37486334792751946,-0.37486334792751946,1.0,0.0,0.0,0.0002952499999082647,1,0.0,0.0,0.0,1.0,True,"[0.0, 0.0, 1.0, 1.0, 0.0, 0.0, 0.0, 0.0, 1.0, 0.0]"
asset_scale,10,3,baseline,fast_simulator,job,depolarizing,auto,random,-0.24779017251696792,-0.37486334792751946,1.0,0.0024533375095456365,0.034640842121074523,0.027993249997962266,12,3840.0,24.015601791994413,0.0,0.0,True,"[5.803795248209013, 2.8408918913570855, 5.474244135992956, 0.9473822669338793]"
asset_scale,10,3,baseline,fast_simulator,job,depolarizing,auto,spsa,-0.27087814836895335,-0.37486334792751946,1.0,0.0024980704604188066,0.026919608236158313,0.028010082998662256,12,3840.0,24.015681123994,0.0,0.0,True,"[1.3692902234475461, 1.8581129808989132, 2.39338177405181, 2.4387165443053345]"
asset_scale,10,3,baseline,fast_simulator,job,depolarizing,auto,bayesian_optimization,-0.2727351222372822,-0.37486334792751946,1.0,0.0029896553542822692,0.02906566719035798,0.5731727079983102,12,3840.0,24.016261918004602,0.0,0.0,True,"[0.0, 0.0, 0.9640019083716985, 0.8607624090056297]"
asset_scale,12,1,baseline,fast_simulator,job,depolarizing,auto,classical_markowitz,-0.4239855708580085,-0.4239855708580085,1.0,0.0,0.0,0.0005424590053735301,1,0.0,0.0,0.0,1.0,True,"[1.0, 0.0, 0.0, 1.0, 0.0, 0.0, 1.0, 0.0, 0.0, 0.0, 0.0, 0.0]"
asset_scale,12,1,baseline,fast_simulator,job,depolarizing,auto,random,-0.30656268624239713,-0.4239855708580085,1.0,0.004483642345688251,0.03789161356155115,0.03983945900108665,12,3840.0,24.02575095800421,0.0,0.0,True,"[5.325183261559253, 1.2694465070786265, 5.022340337648274, 1.580451454020319]"
asset_scale,12,1,baseline,fast_simulator,job,depolarizing,auto,spsa,-0.2963807331497027,-0.4239855708580085,1.0,0.005510190215417178,0.0423281472653726,0.03953158299555071,12,3840.0,24.025654830002168,0.0,0.0,True,"[2.9616333115497455, 0.6101803425553498, 2.7630676819926077, 0.7502504206904691]"
asset_scale,12,1,baseline,fast_simulator,job,depolarizing,auto,bayesian_optimization,-0.3009194405474122,-0.4239855708580085,1.0,0.00338329252956692,0.04098302877184756,0.594316084003367,12,3840.0,24.027219251009228,0.0,0.0,True,"[1.8006821820520795, 1.0296171721222909, 1.7270747742480914, 2.733850075143332]"
asset_scale,12,2,baseline,fast_simulator,job,depolarizing,auto,classical_markowitz,-0.34847793520996706,-0.34847793520996706,1.0,0.0,0.0,0.0005266669977572747,1,0.0,0.0,0.0,1.0,True,"[0.0, 0.0, 0.0, 0.0, 0.0, 1.0, 0.0, 0.0, 0.0, 1.0, 1.0, 0.0]"
asset_scale,12,2,baseline,fast_simulator,job,depolarizing,auto,random,-0.2498594114865582,-0.34847793520996706,1.0,2.7502143696829595,0.023505201223440672,0.03980154099554056,12,3840.0,24.025849873010884,0.0,0.0,True,"[3.2952618775140983, 1.3606370355666244, 3.337927939865718, 1.4058537458446607]"
asset_scale,12,2,baseline,fast_simulator,job,depolarizing,auto,spsa,-0.20397743384490333,-0.34847793520996706,1.0,0.0042922509034506945,0.03371573516874517,0.03905983400181867,12,3840.0,24.025380000006407,0.0,0.0,True,"[3.0822798410162107, 0.7450778708907879, 4.148011277935378, 3.138433417903058]"
asset_scale,12,2,baseline,fast_simulator,job,depolarizing,auto,bayesian_optimization,-0.21538172542214898,-0.34847793520996706,1.0,21.90332675096234,0.037100778904776054,0.5624576659974991,12,3840.0,24.02796737600147,0.0,0.0,True,"[3.9101302043360002, 0.0, 2.353235968542805, 1.3882424145469352]"
asset_scale,12,3,baseline,fast_simulator,job,depolarizing,auto,classical_markowitz,-0.361847423562881,-0.361847423562881,1.0,0.0,0.0,0.0005095420056022704,1,0.0,0.0,0.0,1.0,True,"[0.0, 0.0, 0.0, 0.0, 0.0, 1.0, 0.0, 0.0, 1.0, 0.0, 0.0, 1.0]"
asset_scale,12,3,baseline,fast_simulator,job,depolarizing,auto,random,-0.1910482869841935,-0.361847423562881,1.0,0.004139909610914555,0.06965317651789983,0.038055624994740356,12,3840.0,24.024637291004183,0.0,0.0,True,"[5.879395763882641, 1.3161552580714377, 2.3056706604299446, 1.5779219549464572]"
asset_scale,12,3,baseline,fast_simulator,job,depolarizing,auto,spsa,-0.1918641986852116,-0.361847423562881,1.0,0.0038615385030488767,0.06945079465970526,0.03719795800134307,12,3840.0,24.024000625016924,0.0,0.0,True,"[3.687930453138951, 0.5882754254403161, 2.85475145901341, 2.248852867571645]"
asset_scale,12,3,baseline,fast_simulator,job,depolarizing,auto,bayesian_optimization,-0.19654726312752605,-0.361847423562881,1.0,0.0038027603546342205,0.08249883855692412,0.5405535829995642,12,3840.0,24.025706750006066,0.0,0.0,True,"[4.394496747171472, 1.6797852890226448, 2.6409605585621168, 1.217505715600008]"
shot_budget,128,1,baseline,fast_simulator,job,depolarizing,auto,classical_markowitz,-0.5085661952267606,-0.5085661952267606,1.0,0.0,0.0,0.00013791699893772602,1,0.0,0.0,0.0,1.0,True,"[0.0, 1.0, 0.0, 1.0, 0.0, 0.0, 1.0, 0.0]"
shot_budget,128,1,baseline,fast_simulator,job,depolarizing,auto,random,-0.4412569010141505,-0.5085661952267606,1.0,0.0011067222352216521,0.044273803642121225,0.012733332994685043,12,1920.0,24.007165293005528,0.0,0.0,True,"[5.378321293446688, 1.532480094975631, 0.2813699639017205, 2.8622310225284138]"
shot_budget,128,1,baseline,fast_simulator,job,depolarizing,auto,spsa,-0.4400173116900237,-0.5085661952267606,1.0,0.0014644985522812108,0.013529326261091462,0.012712416995782405,12,1920.0,24.007027584018942,0.0,0.0,True,"[3.3749894593269794, 2.472714155149717, 1.5392200637870752, 2.7085450047504964]"
shot_budget,128,1,baseline,fast_simulator,job,depolarizing,auto,bayesian_optimization,-0.4338040267119803,-0.5085661952267606,1.0,0.0009583144831402912,0.039960158147853364,0.6321161669984576,12,1920.0,24.00812720900285,0.0,0.0,True,"[4.506133586246301, 2.741288317224825, 0.0, 2.5379346269509098]"
shot_budget,128,2,baseline,fast_simulator,job,depolarizing,auto,classical_markowitz,-0.2640860714520589,-0.2640860714520589,1.0,0.0,0.0,0.00013495799794327468,1,0.0,0.0,0.0,1.0,True,"[1.0, 1.0, 0.0, 0.0, 1.0, 0.0, 0.0, 0.0]"
shot_budget,128,2,baseline,fast_simulator,job,depolarizing,auto,random,-0.24006743194556482,-0.2640860714520589,1.0,0.00034271414862644826,0.004878340428578214,0.012623167000128888,12,1920.0,24.00691591802024,0.0,0.0,True,"[0.35566708099588124, 0.9409187193007801, 1.7392782021605966, 1.5568249558312601]"
shot_budget,128,2,baseline,fast_simulator,job,depolarizing,auto,spsa,-0.24320616131303532,-0.2640860714520589,1.0,0.0003315709730608747,0.004151734946309549,0.012369541000225581,12,1920.0,24.006921291002072,0.0,0.0,True,"[3.5232644765665704, 1.8750049042024235, 3.691981368471079, 1.2208079385115678]"
shot_budget,128,2,baseline,fast_simulator,job,depolarizing,auto,bayesian_optimization,-0.24560732326938453,-0.2640860714520589,1.0,0.00030839536588385977,0.006738545577265283,0.4713667500036536,12,1920.0,24.00802654101426,0.0,0.0,True,"[0.0, 0.9010999331601239, 0.26817854927962936, 0.13576590211017314]"
shot_budget,128,3,baseline,fast_simulator,job,depolarizing,auto,classical_markowitz,-0.31174301182729963,-0.31174301182729963,1.0,0.0,0.0,0.0001332910032942891,1,0.0,0.0,0.0,1.0,True,"[0.0, 0.0, 1.0, 0.0, 0.0, 1.0, 1.0, 0.0]"
shot_budget,128,3,baseline,fast_simulator,job,depolarizing,auto,random,-0.25040812129312573,-0.31174301182729963,1.0,0.0007293786158972323,0.021159578340766223,0.012416499994287733,12,1920.0,24.006940125997062,0.0,0.0,True,"[4.351358937565548, 2.208404743180194, 3.489333574760529, 1.10768073028834]"
shot_budget,128,3,baseline,fast_simulator,job,depolarizing,auto,spsa,-0.22683490451472696,-0.31174301182729963,1.0,0.0012027236037607566,0.03339616847134505,0.011907084000995383,12,1920.0,24.00666195600934,0.0,0.0,True,"[3.568539730856297, 1.90408985723715, 5.677839475358571, 0.2079476879756819]"
shot_budget,128,3,baseline,fast_simulator,job,depolarizing,auto,bayesian_optimization,-0.2688975696513896,-0.31174301182729963,1.0,0.0009199478955269497,0.01234585037869206,0.6501570830005221,12,1920.0,24.00803387600172,0.0,0.0,True,"[4.394496747171472, 1.6797852890226448, 2.6409605585621168, 1.217505715600008]"
shot_budget,512,1,baseline,fast_simulator,job,depolarizing,auto,classical_markowitz,-0.5085661952267606,-0.5085661952267606,1.0,0.0,0.0,0.0001368750017718412,1,0.0,0.0,0.0,1.0,True,"[0.0, 1.0, 0.0, 1.0, 0.0, 0.0, 1.0, 0.0]"
shot_budget,512,1,baseline,fast_simulator,job,depolarizing,auto,random,-0.44116887028108104,-0.5085661952267606,1.0,0.0011612196688223682,0.011874501912316779,0.029223167002783157,12,7680.0,24.01818116698996,0.0,0.0,True,"[0.9716343077947202, 1.5834857157258397, 3.670505900725507, 2.8808239832731295]"
shot_budget,512,1,baseline,fast_simulator,job,depolarizing,auto,spsa,-0.43627372472825504,-0.5085661952267606,1.0,0.0013732287700368578,0.0,0.028593707997060847,12,7680.0,24.01753399999143,0.0,0.0,True,"[0.41040491008658864, 2.9355797845437923, 2.0617089006790454, 1.4173634608451249]"
shot_budget,512,1,baseline,fast_simulator,job,depolarizing,auto,bayesian_optimization,-0.43700552328627995,-0.5085661952267606,1.0,0.0012033615233178405,0.014383206964984333,0.4845475420006551,12,7680.0,24.0189237079976,0.0,0.0,True,"[3.458936035049703, 2.7922639376180287, 5.330245309677965, 1.490737075754312]"
shot_budget,512,2,baseline,fast_simulator,job,depolarizing,auto,classical_markowitz,-0.2640860714520589,-0.2640860714520589,1.0,0.0,0.0,0.00015008400077931583,1,0.0,0.0,0.0,1.0,True,"[1.0, 1.0, 0.0, 0.0, 1.0, 0.0, 0.0, 0.0]"
shot_budget,512,2,baseline,fast_simulator,job,depolarizing,auto,random,-0.238105002000815,-0.2640860714520589,1.0,0.0003736984053456036,0.0005940358571085574,0.030199291999451816,12,7680.0,24.01862241599156,0.0,0.0,True,"[3.8784475447640743, 0.36770089794780497, 4.466024438821682, 2.744318906928751]"
shot_budget,512,2,baseline,fast_simulator,job,depolarizing,auto,spsa,-0.2382394963711027,-0.2640860714520589,1.0,0.00036748164617656187,0.0,0.02987508400110528,12,7680.0,24.018346959004703,0.0,0.0,True,"[3.0723939362657475, 2.4327046961569483, 1.4749680493864386, 0.7518671887490531]"
shot_budget,512,2,baseline,fast_simulator,job,depolarizing,auto,bayesian_optimization,-0.24181576991115553,-0.2640860714520589,1.0,0.0003419338958735591,0.0005940358571085574,0.4108668749977369,12,7680.0,24.01869658400392,0.0,0.0,True,"[4.841058860373888, 1.5565461447751678, 5.856164663658601, 1.187541521822493]"
shot_budget,512,3,baseline,fast_simulator,job,depolarizing,auto,classical_markowitz,-0.31174301182729963,-0.31174301182729963,1.0,0.0,0.0,0.0001326670026173815,1,0.0,0.0,0.0,1.0,True,"[0.0, 0.0, 1.0, 0.0, 0.0, 1.0, 1.0, 0.0]"
shot_budget,512,3,baseline,fast_simulator,job,depolarizing,auto,random,-0.24732756360239416,-0.31174301182729963,1.0,0.0008178941416940531,0.0029456235861825366,0.02735650000249734,12,7680.0,24.017052748989954,0.0,0.0,True,"[2.91610648057873, 1.5783098282984356, 5.707279847166221, 2.5749561143271618]"
shot_budget,512,3,baseline,fast_simulator,job,depolarizing,auto,spsa,-0.24831053969659475,-0.31174301182729963,1.0,0.0008220600032784615,0.0,0.027491000000736676,12,7680.0,24.017068040986487,0.0,0.0,True,"[6.266034128260724, 0.621275946241543, 1.935768758099099, 2.2499272363998353]"
shot_budget,512,3,baseline,fast_simulator,job,depolarizing,auto,bayesian_optimization,-0.2532667229349133,-0.31174301182729963,1.0,0.000855893829709329,0.0029456235861825366,0.4613978749985108,12,7680.0,24.01885854201828,0.0,0.0,True,"[4.727563932619779, 0.4306731382695507, 2.841437467445702, 1.0498029131288518]"
shot_budget,2048,1,baseline,fast_simulator,job,depolarizing,auto,classical_markowitz,-0.5085661952267606,-0.5085661952267606,1.0,0.0,0.0,0.00014029200247023255,1,0.0,0.0,0.0,1.0,True,"[0.0, 1.0, 0.0, 1.0, 0.0, 0.0, 1.0, 0.0]"
shot_budget,2048,1,baseline,fast_simulator,job,depolarizing,auto,random,-0.4377720628164539,-0.5085661952267606,1.0,0.0011782299256836576,0.0,0.0690321669972036,12,30720.0,24.0564202079986,0.0,0.0,True,"[6.071691088207557, 3.1002148310054327, 4.984028823269737, 2.9386680887334586]"
shot_budget,2048,1,baseline,fast_simulator,job,depolarizing,auto,spsa,-0.41124031790273613,-0.5085661952267606,1.0,0.0010193158885692642,0.0,0.0709132080010022,12,30720.0,24.057756959984545,0.0,0.0,True,"[5.894471233505723, 0.9477803853830804, 5.572456421475636, 2.008896929028301]"
shot_budget,2048,1,baseline,fast_simulator,job,depolarizing,auto,bayesian_optimization,-0.4426192398847948,-0.5085661952267606,1.0,0.0011951755015686242,0.0,0.7582693750009639,12,30720.0,24.06048704001296,0.0,0.0,True,"[3.407360197879898, 0.0, 6.069788556633672, 1.3212880523995028]"
shot_budget,2048,2,baseline,fast_simulator,job,depolarizing,auto,classical_markowitz,-0.2640860714520589,-0.2640860714520589,1.0,0.0,0.0,0.00013345800107344985,1,0.0,0.0,0.0,1.0,True,"[1.0, 1.0, 0.0, 0.0, 1.0, 0.0, 0.0, 0.0]"
shot_budget,2048,2,baseline,fast_simulator,job,depolarizing,auto,random,-0.23835346860941672,-0.2640860714520589,1.0,0.00032017545380034405,0.0,0.07174404200486606,12,30720.0,24.057957875986176,0.0,0.0,True,"[2.339338129892831, 2.7195402165913007, 0.02247915360179536, 0.03558287437390677]"
shot_budget,2048,2,baseline,fast_simulator,job,depolarizing,auto,spsa,-0.23175795324326712,-0.2640860714520589,1.0,0.0003164958989381409,0.0,0.07147950000216952,12,30720.0,24.057717999996385,0.0,0.0,True,"[5.731459813501756, 0.8108231201468032, 5.830407665158903, 1.1388966473712694]"
shot_budget,2048,2,baseline,fast_simulator,job,depolarizing,auto,bayesian_optimization,-0.2351021545418314,-0.2640860714520589,1.0,0.0003429779471879231,0.0,0.5806230829984997,12,30720.0,24.059236377011985,0.0,0.0,True,"[0.0, 1.6269899889814288, 0.755826097560302, 1.0471975511965976]"
shot_budget,2048,3,baseline,fast_simulator,job,depolarizing,auto,classical_markowitz,-0.31174301182729963,-0.31174301182729963,1.0,0.0,0.0,0.00013391600077738985,1,0.0,0.0,0.0,1.0,True,"[0.0, 0.0, 1.0, 0.0, 0.0, 1.0, 1.0, 0.0]"
shot_budget,2048,3,baseline,fast_simulator,job,depolarizing,auto,random,-0.25566096982893727,-0.31174301182729963,1.0,0.0009572864819605975,0.0,0.07220329099800438,12,30720.0,24.05875683501654,0.0,0.0,True,"[5.982141431462408, 1.6369673360115256, 3.1598923483600996, 1.2744845456096288]"
shot_budget,2048,3,baseline,fast_simulator,job,depolarizing,auto,spsa,-0.24331513001279462,-0.31174301182729963,1.0,0.0009641457958609682,0.0,0.07311312499950873,12,30720.0,24.05907808500342,0.0,0.0,True,"[0.1177245053856011, 1.5437672588092861, 1.9964886234237913, 2.4375972282924034]"
shot_budget,2048,3,baseline,fast_simulator,job,depolarizing,auto,bayesian_optimization,-0.2577325198730858,-0.31174301182729963,1.0,0.0009327216415021475,0.0,0.7219127919961466,12,30720.0,24.059910083989962,0.0,0.0,True,"[6.021151398124166, 1.5345921014411978, 5.1078519228576225, 1.2585697893955958]"
depth,1,1,baseline,fast_simulator,job,depolarizing,auto,classical_markowitz,-0.5085661952267606,-0.5085661952267606,1.0,0.0,0.0,0.00013045899686403573,1,0.0,0.0,0.0,1.0,True,"[0.0, 1.0, 0.0, 1.0, 0.0, 0.0, 1.0, 0.0]"
depth,1,1,baseline,fast_simulator,job,depolarizing,auto,random,-0.44707430897251965,-0.5085661952267606,1.0,0.0010527312202691906,0.020894052753044418,0.01831270799448248,12,3840.0,24.010441415004607,0.0,0.0,True,"[5.144384680524907, 2.8866748365992096]"
depth,1,1,baseline,fast_simulator,job,depolarizing,auto,spsa,-0.46409266735912813,-0.5085661952267606,1.0,0.0012830208927598317,0.004509775420363821,0.017997791997913737,12,3840.0,24.01032729599683,0.0,0.0,True,"[4.3179886737505875, 1.2539938198633236]"
depth,1,1,baseline,fast_simulator,job,depolarizing,auto,bayesian_optimization,-0.450735807083761,-0.5085661952267606,1.0,0.0012363594997254086,0.009019550840727641,0.43772658300440526,12,3840.0,24.011441165996075,0.0,0.0,True,"[2.355390547373503, 1.2668147906416054]"
depth,1,2,baseline,fast_simulator,job,depolarizing,auto,classical_markowitz,-0.2640860714520589,-0.2640860714520589,1.0,0.0,0.0,0.00013333399692783132,1,0.0,0.0,0.0,1.0,True,"[1.0, 1.0, 0.0, 0.0, 1.0, 0.0, 0.0, 0.0]"
depth,1,2,baseline,fast_simulator,job,depolarizing,auto,random,-0.24762397288875562,-0.2640860714520589,1.0,0.0002155100783621892,0.0011880717142171149,0.017716957998345606,12,3840.0,24.0101196629912,0.0,0.0,True,"[4.548283027718273, 1.0715234759312535]"
depth,1,2,baseline,fast_simulator,job,depolarizing,auto,spsa,-0.2457904837120789,-0.2640860714520589,1.0,0.0002285892140292227,0.0023761434284342298,0.01793100000213599,12,3840.0,24.010041625995655,0.0,0.0,True,"[2.4910028269367914, 1.8156852239197767]"
depth,1,2,baseline,fast_simulator,job,depolarizing,auto,bayesian_optimization,-0.2540127179387596,-0.2640860714520589,1.0,0.00017636426554753422,0.0028800636550263777,0.4269237910048105,12,3840.0,24.011347540996212,0.0,0.0,True,"[4.770334328715321, 1.0262831642646242]"
depth,1,3,baseline,fast_simulator,job,depolarizing,auto,classical_markowitz,-0.31174301182729963,-0.31174301182729963,1.0,0.0,0.0,0.00013212499470682815,1,0.0,0.0,0.0,1.0,True,"[0.0, 0.0, 1.0, 0.0, 0.0, 1.0, 1.0, 0.0]"
depth,1,3,baseline,fast_simulator,job,depolarizing,auto,random,-0.25567304807123087,-0.31174301182729963,1.0,0.0008494679747989431,0.0073733552615159416,0.01783245900151087,12,3840.0,24.010115083008714,0.0,0.0,True,"[6.2063960365724276, 2.6141241327850775]"
depth,1,3,baseline,fast_simulator,job,depolarizing,auto,spsa,-0.24638760121282496,-0.31174301182729963,1.0,0.0006833077248219148,0.009400226792509523,0.017595416997210123,12,3840.0,24.01023199800693,0.0,0.0,True,"[3.027668392821502, 0.5177921834909712]"
depth,1,3,baseline,fast_simulator,job,depolarizing,auto,bayesian_optimization,-0.2675270185058605,-0.31174301182729963,1.0,0.0007692922934321994,0.0029456235861825366,0.3677452080009971,12,3840.0,24.011180248991877,0.0,0.0,True,"[6.234067961404983, 1.3081719478010763]"
depth,2,1,baseline,fast_simulator,job,depolarizing,auto,classical_markowitz,-0.5085661952267606,-0.5085661952267606,1.0,0.0,0.0,0.00013800000306218863,1,0.0,0.0,0.0,1.0,True,"[0.0, 1.0, 0.0, 1.0, 0.0, 0.0, 1.0, 0.0]"
depth,2,1,baseline,fast_simulator,job,depolarizing,auto,random,-0.42018150675951743,-0.5085661952267606,1.0,0.0011503323312020395,0.014556329974445123,0.01961575000314042,12,3840.0,24.011103330994956,0.0,0.0,True,"[5.108534819136938, 0.25604165828804903, 1.6892548664309213, 2.651610266663581]"
depth,2,1,baseline,fast_simulator,job,depolarizing,auto,spsa,-0.4279952014401689,-0.5085661952267606,1.0,0.0013804718973508244,0.004509775420363821,0.019628290996479336,12,3840.0,24.01094087700767,0.0,0.0,True,"[0.8177746675906779, 0.701808393805428, 5.443147795790966, 1.4302709904934046]"
depth,2,1,baseline,fast_simulator,job,depolarizing,auto,bayesian_optimization,-0.443999096085273,-0.5085661952267606,1.0,0.0010977453337927406,0.030940607307125723,0.5733005829970352,12,3840.0,24.011872457995196,0.0,0.0,True,"[3.458936035049703, 2.7922639376180287, 5.330245309677965, 1.490737075754312]"
depth,2,2,baseline,fast_simulator,job,depolarizing,auto,classical_markowitz,-0.2640860714520589,-0.2640860714520589,1.0,0.0,0.0,0.0001340000017080456,1,0.0,0.0,0.0,1.0,True,"[1.0, 1.0, 0.0, 0.0, 1.0, 0.0, 0.0, 0.0]"
depth,2,2,baseline,fast_simulator,job,depolarizing,auto,random,-0.23838744204460874,-0.2640860714520589,1.0,0.00031173832497300113,0.0032639391873718893,0.019324415996379685,12,3840.0,24.010795333990245,0.0,0.0,True,"[0.2859075886318325, 1.2862071304201406, 1.2747023907968422, 1.7966150914948402]"
depth,2,2,baseline,fast_simulator,job,depolarizing,auto,spsa,-0.23904932680266314,-0.2640860714520589,1.0,0.00029344971763222626,0.003474099512134935,0.019420625001657754,12,3840.0,24.010927666997304,0.0,0.0,True,"[1.364678783594654, 2.887811752712915, 1.4147604986451654, 2.4356207421765683]"
depth,2,2,baseline,fast_simulator,job,depolarizing,auto,bayesian_optimization,-0.24438544036344825,-0.2640860714520589,1.0,0.00029768021366203987,0.0011880717142171149,0.4112266250012908,12,3840.0,24.01196308396902,0.0,0.0,True,"[1.0471975511965976, 0.0, 0.0, 0.7293334694574736]"
depth,2,3,baseline,fast_simulator,job,depolarizing,auto,classical_markowitz,-0.31174301182729963,-0.31174301182729963,1.0,0.0,0.0,0.00013512500299839303,1,0.0,0.0,0.0,1.0,True,"[0.0, 0.0, 1.0, 0.0, 0.0, 1.0, 1.0, 0.0]"
depth,2,3,baseline,fast_simulator,job,depolarizing,auto,random,-0.24696912034109306,-0.31174301182729963,1.0,0.001119273696666919,0.012909206412653973,0.01906766700267326,12,3840.0,24.010893544014834,0.0,0.0,True,"[2.8387934157492216, 1.3556715231969396, 1.6468828277616945, 2.462433928161701]"
depth,2,3,baseline,fast_simulator,job,depolarizing,auto,spsa,-0.26325028826238867,-0.31174301182729963,1.0,0.0011514271743228,0.0,0.018791333000990562,12,3840.0,24.01054708499578,0.0,0.0,True,"[0.32093765814163067, 2.8871367787676356, 3.28535498818389, 1.1869428359788885]"
depth,2,3,baseline,fast_simulator,job,depolarizing,auto,bayesian_optimization,-0.2554858048562529,-0.31174301182729963,1.0,0.0009589001572776172,0.009400226792509523,0.6262862919975305,12,3840.0,24.012065000999428,0.0,0.0,True,"[4.927486945792618, 0.7977708106078673, 3.845503201992422, 2.381759402022109]"
depth,3,1,baseline,fast_simulator,job,depolarizing,auto,classical_markowitz,-0.5085661952267606,-0.5085661952267606,1.0,0.0,0.0,0.00014808300329605117,1,0.0,0.0,0.0,1.0,True,"[0.0, 1.0, 0.0, 1.0, 0.0, 0.0, 1.0, 0.0]"
depth,3,1,baseline,fast_simulator,job,depolarizing,auto,random,-0.4295466007152718,-0.5085661952267606,1.0,0.0017153323038946663,0.016211154323219807,0.0206999169968185,12,3840.0,24.011854456999572,0.0,0.0,True,"[1.665183591493069, 0.9426684125533777, 5.595488287181113, 1.4759106149503176, 0.3027793661398303, 0.38241975674922984]"
depth,3,1,baseline,fast_simulator,job,depolarizing,auto,spsa,-0.4056996484288744,-0.5085661952267606,1.0,0.0015063513877940637,0.019066105394808946,0.02012833399930969,12,3840.0,24.011372417007806,0.0,0.0,True,"[2.934563708667885, 3.009233440254151, 1.1435397025886682, 2.159594225564363, 1.426812179762654, 1.304042748291764]"
depth,3,1,baseline,fast_simulator,job,depolarizing,auto,bayesian_optimization,-0.41495438958766495,-0.5085661952267606,1.0,0.0017045346960949555,0.011874501912316779,0.4927002089971211,12,3840.0,24.012490038992837,0.0,0.0,True,"[3.2973923718296136, 1.1868268343644948, 2.4189553832528015, 1.2739798810609815, 3.666522598815698, 2.64997373772204]"
depth,3,2,baseline,fast_simulator,job,depolarizing,auto,classical_markowitz,-0.2640860714520589,-0.2640860714520589,1.0,0.0,0.0,0.000131207998492755,1,0.0,0.0,0.0,1.0,True,"[1.0, 1.0, 0.0, 0.0, 1.0, 0.0, 0.0, 0.0]"
depth,3,2,baseline,fast_simulator,job,depolarizing,auto,random,-0.24092053529082127,-0.2640860714520589,1.0,0.0004721395487289135,0.0005940358571085574,0.019935624994104728,12,3840.0,24.011417875015468,0.0,0.0,True,"[5.472547826289519, 1.7209805216154308, 2.490235123643214, 1.3401694360060183, 1.6376693307350738, 2.867658485234255]"
depth,3,2,baseline,fast_simulator,job,depolarizing,auto,spsa,-0.2328997619963122,-0.2640860714520589,1.0,0.0004364861647664503,0.0035642151426513446,0.02022916699934285,12,3840.0,24.01146916601283,0.0,0.0,True,"[5.737442993800887, 2.0001819630790774, 4.344370436064659, 1.6929837940519414, 1.7034691420678874, 2.4685388471019216]"
depth,3,2,baseline,fast_simulator,job,depolarizing,auto,bayesian_optimization,-0.2395127749974241,-0.2640860714520589,1.0,0.000385291005305853,0.0005940358571085574,0.5248680410004454,12,3840.0,24.012737167991872,0.0,0.0,True,"[0.6209371241518659, 2.4682054525580566, 0.18609523678904832, 0.0, 5.206660158143351, 0.8497684494116169]"
depth,3,3,baseline,fast_simulator,job,depolarizing,auto,classical_markowitz,-0.31174301182729963,-0.31174301182729963,1.0,0.0,0.0,0.000141792006616015,1,0.0,0.0,0.0,1.0,True,"[0.0, 0.0, 1.0, 0.0, 0.0, 1.0, 1.0, 0.0]"
depth,3,3,baseline,fast_simulator,job,depolarizing,auto,random,-0.2420631895320326,-0.31174301182729963,1.0,0.0013035378557462428,0.009400226792509523,0.021050000003015157,12,3840.0,24.01189404100296,0.0,0.0,True,"[6.13695709408775, 2.078496383554409, 2.5442887507340757, 1.3480214851637804, 3.72693521879789, 1.4969428411878896]"
depth,3,3,baseline,fast_simulator,job,depolarizing,auto,spsa,-0.24340981999435582,-0.31174301182729963,1.0,0.001134169582989521,0.005891247172365073,0.02018412500183331,12,3840.0,24.011531707983522,0.0,0.0,True,"[5.8683256189897826, 0.9791120776924124, 3.525023024970329, 1.1067898798152533, 3.560163578367378, 3.0657489017057227]"
depth,3,3,baseline,fast_simulator,job,depolarizing,auto,bayesian_optimization,-0.2470927553635991,-0.31174301182729963,1.0,0.000974971858775632,0.02061936510327776,0.7415625419962453,12,3840.0,24.012846376004745,0.0,0.0,True,"[3.9780129089491534, 1.774093506377962, 2.229812171064583, 1.2212722007378263, 3.1914710446136203, 1.8284076059420686]"
depth,8,1,baseline,fast_simulator,job,depolarizing,auto,classical_markowitz,-0.5085661952267606,-0.5085661952267606,1.0,0.0,0.0,0.00013704199955100194,1,0.0,0.0,0.0,1.0,True,"[0.0, 1.0, 0.0, 1.0, 0.0, 0.0, 1.0, 0.0]"
depth,8,1,baseline,fast_simulator,job,depolarizing,auto,random,-0.40403715334442636,-0.5085661952267606,1.0,0.0018033883633440985,0.021257841342255862,0.023320209002122283,12,3840.0,24.014279582996096,0.0,0.0,True,"[6.111785541548571, 1.5261244039360455, 5.628975978882469, 2.4960627705782406, 4.94947528910478, 2.4411522861794563, 1.9224076365481166, 2.5900521450182348, 3.0858683847196713, 0.5476000327749949, 1.5872530053798288, 1.6630062720150511, 3.0254832876898314, 3.100074590760747, 3.8921876753470457, 1.9527699860946393]"
depth,8,1,baseline,fast_simulator,job,depolarizing,auto,spsa,-0.42176141668047673,-0.5085661952267606,1.0,0.0019975355487780546,0.013529326261091462,0.023324792004132178,12,3840.0,24.014421582003706,0.0,0.0,True,"[3.656882836360619, 2.936271069062506, 3.0978783199203415, 0.9990980777136296, 2.348493171788786, 2.511667248999808, 1.3084127728085713, 1.4065007899508895, 2.9412937025740002, 2.9303043284357995, 0.9068991724432824, 2.441973589991499, 0.9150543451452275, 1.5876837987902872, 0.9738187497417462, 3.0704049394157233]"
depth,8,1,baseline,fast_simulator,job,depolarizing,auto,bayesian_optimization,-0.3972887724652137,-0.5085661952267606,1.0,0.001855590907420393,0.016211154323219807,0.5490049169966369,12,3840.0,24.015343127997767,0.0,0.0,True,"[2.8042481274133517, 0.7558335282088658, 1.7822949461156126, 1.5970911147869327, 4.516909495433791, 0.11805157003031107, 1.6631627565360168, 0.6568744581435281, 5.958797109120502, 0.6088175465745511, 4.2938443669844, 0.7417923410056303, 4.481271149147905, 1.8616032198635502, 0.044570742676049505, 2.078373312339425]"
depth,8,2,baseline,fast_simulator,job,depolarizing,auto,classical_markowitz,-0.2640860714520589,-0.2640860714520589,1.0,0.0,0.0,0.00020987500465707853,1,0.0,0.0,0.0,1.0,True,"[1.0, 1.0, 0.0, 0.0, 1.0, 0.0, 0.0, 0.0]"
depth,8,2,baseline,fast_simulator,job,depolarizing,auto,random,-0.22959102964280614,-0.2640860714520589,1.0,0.0005385984698311185,0.0031027489107028953,0.023551500002213288,12,3840.0,24.014433250005823,0.0,0.0,True,"[0.681031888858468, 1.4959944144509811, 5.548413663923192, 2.3802539820493194, 5.416152289064489, 1.2626809562636416, 0.6041412756808338, 0.04027052086021983, 3.378776600268389, 0.11055957813993042, 3.263802835007826, 1.3558047724173947, 4.907813393341052, 1.3726253480014916, 0.1343804858090834, 1.6929573364916448]"
depth,8,2,baseline,fast_simulator,job,depolarizing,auto,spsa,-0.23227139419805898,-0.2640860714520589,1.0,0.0004872227912472264,0.0023761434284342298,0.022842291997221764,12,3840.0,24.01416808400245,0.0,0.0,True,"[4.424762625291996, 1.7007195098631331, 5.971571578071661, 0.7062231589554558, 0.10775808884519265, 1.8021766442796903, 4.169210053954005, 2.2210604044079933, 3.050963987663804, 2.5743175930429443, 5.873661252983529, 1.1584732894652263, 2.6684862927172976, 1.0408933549697064, 5.7582555523605095, 3.0469611274926245]"
depth,8,2,baseline,fast_simulator,job,depolarizing,auto,bayesian_optimization,-0.23747823865180123,-0.2640860714520589,1.0,0.0004408772726823354,0.0023761434284342298,0.42132158399908803,12,3840.0,24.015500706984312,0.0,0.0,True,"[2.8629326531394024, 0.35433775917851956, 3.4004335197394027, 0.3410448633503376, 5.8648103103530795, 1.1295039224292343, 4.941510899820879, 2.9816929982016096, 3.7996661106135803, 1.915095322675773, 3.673821666675934, 2.530122804353333, 1.8160116968393303, 1.5227339380606308, 6.240476350122952, 1.384465679889825]"
depth,8,3,baseline,fast_simulator,job,depolarizing,auto,classical_markowitz,-0.31174301182729963,-0.31174301182729963,1.0,0.0,0.0,0.00013462499919114634,1,0.0,0.0,0.0,1.0,True,"[0.0, 0.0, 1.0, 0.0, 0.0, 1.0, 1.0, 0.0]"
depth,8,3,baseline,fast_simulator,job,depolarizing,auto,random,-0.2438987949079339,-0.31174301182729963,1.0,0.001277284606771903,0.008982022586059462,0.024025540995353367,12,3840.0,24.014647042000433,0.0,0.0,True,"[4.097541776830914, 2.8481347192666977, 2.7679311181413717, 2.6647133933694205, 1.7232184241732524, 1.1328434025392446, 1.613746380499858, 2.061020267094758, 4.940821057890532, 1.3874088232088548, 4.5182373481398574, 1.8859616163459674, 3.1811350079873413, 1.1044823350069135, 4.177168663747867, 2.2412059526152732]"
depth,8,3,baseline,fast_simulator,job,depolarizing,auto,spsa,-0.23598259171762082,-0.31174301182729963,1.0,0.0013861818312317807,0.011782494344730146,0.023260125002707355,12,3840.0,24.014349584977026,0.0,0.0,True,"[1.2565589591210244, 3.056470968530214, 1.6817410039384342, 0.8211112296274315, 0.8992809769943757, 0.8324223826112521, 5.608668100007838, 2.8367843910901276, 5.864546806932342, 2.6981042090007334, 1.2151124806341977, 1.489088737031001, 2.1577931761559204, 2.843038397837236, 2.295419116530628, 0.8361800626647594]"
depth,8,3,baseline,fast_simulator,job,depolarizing,auto,bayesian_optimization,-0.2348988465082324,-0.31174301182729963,1.0,0.0014528468468390672,0.005891247172365073,0.7019165000019711,12,3840.0,24.01506354301091,0.0,0.0,True,"[5.463724437407045, 0.9687380195172364, 3.3756954788601705, 2.0185905090612497, 1.41812638959135, 0.6325073095747709, 4.930122804280037, 2.771959920095153, 0.8374280791783871, 0.10905489789613831, 4.214316036222585, 2.5447301148757204, 3.390090786446856, 1.0598215649177383, 5.599411438128319, 1.988581707542]"
eval_budget,8,1,baseline,fast_simulator,job,depolarizing,auto,classical_markowitz,-0.5085661952267606,-0.5085661952267606,1.0,0.0,0.0,0.00013154200132703409,1,0.0,0.0,0.0,1.0,True,"[0.0, 1.0, 0.0, 1.0, 0.0, 0.0, 1.0, 0.0]"
eval_budget,8,1,baseline,fast_simulator,job,depolarizing,auto,random,-0.41676401082621306,-0.5085661952267606,1.0,0.0012197967101680203,0.011047089737929436,0.012684334004006814,8,2560.0,16.00708816900442,0.0,0.0,True,"[2.656008658815972, 1.8519753475192797, 0.15387946498917343, 2.115736633967084]"
eval_budget,8,1,baseline,fast_simulator,job,depolarizing,auto,spsa,-0.408744144996422,-0.5085661952267606,1.0,0.0015367629888520598,0.028858842606404603,0.012336458996287547,8,2560.0,16.006955540986382,0.0,0.0,True,"[6.1093986992833855, 1.5487006461113952, 5.148335820829514, 0.025000376681950015]"
eval_budget,8,1,baseline,fast_simulator,job,depolarizing,auto,bayesian_optimization,-0.4373069716443232,-0.5085661952267606,1.0,0.0010850405479947527,0.01755206835428398,0.3260082920023706,8,2560.0,16.007630456020706,0.0,0.0,True,"[3.458936035049703, 2.7922639376180287, 5.330245309677965, 1.490737075754312]"
eval_budget,8,2,baseline,fast_simulator,job,depolarizing,auto,classical_markowitz,-0.2640860714520589,-0.2640860714520589,1.0,0.0,0.0,0.0001332079991698265,1,0.0,0.0,0.0,1.0,True,"[1.0, 1.0, 0.0, 0.0, 1.0, 0.0, 0.0, 0.0]"
eval_budget,8,2,baseline,fast_simulator,job,depolarizing,auto,random,-0.23838744204460874,-0.2640860714520589,1.0,0.0003333390501274189,0.0031138012097321616,0.012905249997857027,8,2560.0,16.007138249988202,0.0,0.0,True,"[0.2859075886318325, 1.2862071304201406, 1.2747023907968422, 1.7966150914948402]"
eval_budget,8,2,baseline,fast_simulator,job,depolarizing,auto,spsa,-0.23865104314997132,-0.2640860714520589,1.0,0.0002929335679741239,0.0038696815496203837,0.012666834001720417,8,2560.0,16.007100792012352,0.0,0.0,True,"[1.5643954281591799, 1.896282462870897, 4.029832052841429, 0.6622536350104097]"
eval_budget,8,2,baseline,fast_simulator,job,depolarizing,auto,bayesian_optimization,-0.23729720723574008,-0.2640860714520589,1.0,0.00031357235986090044,0.0026731613569885085,0.21161354200012283,8,2560.0,16.0078897099811,0.0,0.0,True,"[0.08102231341885546, 2.1740800201503276, 3.0688299809324047, 2.4662445164280475]"
eval_budget,8,3,baseline,fast_simulator,job,depolarizing,auto,classical_markowitz,-0.31174301182729963,-0.31174301182729963,1.0,0.0,0.0,0.00013170799502404407,1,0.0,0.0,0.0,1.0,True,"[0.0, 0.0, 1.0, 0.0, 0.0, 1.0, 1.0, 0.0]"
eval_budget,8,3,baseline,fast_simulator,job,depolarizing,auto,random,-0.23806483525981387,-0.31174301182729963,1.0,0.0011326107062376214,0.00968190480949048,0.012789000000339001,8,2560.0,16.007198750005045,0.0,0.0,True,"[2.3202942925950825, 0.2667047925632136, 1.2159696563981206, 0.6718829668038063]"
eval_budget,8,3,baseline,fast_simulator,job,depolarizing,auto,spsa,-0.21809706386833735,-0.31174301182729963,1.0,0.0008967447378609474,0.023782244998254765,0.012528665996796917,8,2560.0,16.007034751011815,0.0,0.0,True,"[4.361453336688163, 1.8290986488444219, 2.317480544511771, 0.2643682439620171]"
eval_budget,8,3,baseline,fast_simulator,job,depolarizing,auto,bayesian_optimization,-0.249756458353598,-0.31174301182729963,1.0,0.0007601731072466728,0.011060032892273912,0.2932810830025119,8,2560.0,16.00764808301028,0.0,0.0,True,"[4.394496747171472, 1.6797852890226448, 2.6409605585621168, 1.217505715600008]"
eval_budget,12,1,baseline,fast_simulator,job,depolarizing,auto,classical_markowitz,-0.5085661952267606,-0.5085661952267606,1.0,0.0,0.0,0.00013991699961479753,1,0.0,0.0,0.0,1.0,True,"[0.0, 1.0, 0.0, 1.0, 0.0, 0.0, 1.0, 0.0]"
eval_budget,12,1,baseline,fast_simulator,job,depolarizing,auto,random,-0.42018150675951743,-0.5085661952267606,1.0,0.0011503323312020395,0.014556329974445123,0.018816374999005347,12,3840.0,24.010628374024236,0.0,0.0,True,"[5.108534819136938, 0.25604165828804903, 1.6892548664309213, 2.651610266663581]"
eval_budget,12,1,baseline,fast_simulator,job,depolarizing,auto,spsa,-0.4279952014401689,-0.5085661952267606,1.0,0.0013804718973508244,0.004509775420363821,0.019248999997216742,12,3840.0,24.01071362501534,0.0,0.0,True,"[0.8177746675906779, 0.701808393805428, 5.443147795790966, 1.4302709904934046]"
eval_budget,12,1,baseline,fast_simulator,job,depolarizing,auto,bayesian_optimization,-0.443999096085273,-0.5085661952267606,1.0,0.0010977453337927406,0.030940607307125723,0.7093630410017795,12,3840.0,24.011818585029687,0.0,0.0,True,"[3.458936035049703, 2.7922639376180287, 5.330245309677965, 1.490737075754312]"
eval_budget,12,2,baseline,fast_simulator,job,depolarizing,auto,classical_markowitz,-0.2640860714520589,-0.2640860714520589,1.0,0.0,0.0,0.00013387500075623393,1,0.0,0.0,0.0,1.0,True,"[1.0, 1.0, 0.0, 0.0, 1.0, 0.0, 0.0, 0.0]"
eval_budget,12,2,baseline,fast_simulator,job,depolarizing,auto,random,-0.23838744204460874,-0.2640860714520589,1.0,0.00031173832497300113,0.0032639391873718893,0.02014962500106776,12,3840.0,24.011186958006874,0.0,0.0,True,"[0.2859075886318325, 1.2862071304201406, 1.2747023907968422, 1.7966150914948402]"
eval_budget,12,2,baseline,fast_simulator,job,depolarizing,auto,spsa,-0.23904932680266314,-0.2640860714520589,1.0,0.00029344971763222626,0.003474099512134935,0.01983370800007833,12,3840.0,24.011060419019486,0.0,0.0,True,"[1.364678783594654, 2.887811752712915, 1.4147604986451654, 2.4356207421765683]"
eval_budget,12,2,baseline,fast_simulator,job,depolarizing,auto,bayesian_optimization,-0.24438544036344825,-0.2640860714520589,1.0,0.00029768021366203987,0.0011880717142171149,0.39299587499408517,12,3840.0,24.011988873993687,0.0,0.0,True,"[1.0471975511965976, 0.0, 0.0, 0.7293334694574736]"
eval_budget,12,3,baseline,fast_simulator,job,depolarizing,auto,classical_markowitz,-0.31174301182729963,-0.31174301182729963,1.0,0.0,0.0,0.00013974999455967918,1,0.0,0.0,0.0,1.0,True,"[0.0, 0.0, 1.0, 0.0, 0.0, 1.0, 1.0, 0.0]"
eval_budget,12,3,baseline,fast_simulator,job,depolarizing,auto,random,-0.24696912034109306,-0.31174301182729963,1.0,0.001119273696666919,0.012909206412653973,0.01920308399712667,12,3840.0,24.010888458011323,0.0,0.0,True,"[2.8387934157492216, 1.3556715231969396, 1.6468828277616945, 2.462433928161701]"
eval_budget,12,3,baseline,fast_simulator,job,depolarizing,auto,spsa,-0.26325028826238867,-0.31174301182729963,1.0,0.0011514271743228,0.0,0.01910574999783421,12,3840.0,24.01094208300492,0.0,0.0,True,"[0.32093765814163067, 2.8871367787676356, 3.28535498818389, 1.1869428359788885]"
eval_budget,12,3,baseline,fast_simulator,job,depolarizing,auto,bayesian_optimization,-0.2554858048562529,-0.31174301182729963,1.0,0.0009589001572776172,0.009400226792509523,0.7249031669998658,12,3840.0,24.01203600098961,0.0,0.0,True,"[4.927486945792618, 0.7977708106078673, 3.845503201992422, 2.381759402022109]"
eval_budget,20,1,baseline,fast_simulator,job,depolarizing,auto,classical_markowitz,-0.5085661952267606,-0.5085661952267606,1.0,0.0,0.0,0.00015374999929917976,1,0.0,0.0,0.0,1.0,True,"[0.0, 1.0, 0.0, 1.0, 0.0, 0.0, 1.0, 0.0]"
eval_budget,20,1,baseline,fast_simulator,job,depolarizing,auto,random,-0.4225692234657214,-0.5085661952267606,1.0,0.0012873892078635902,0.008733797984667075,0.03193183300027158,20,6400.0,40.01809224900353,0.0,0.0,True,"[3.0392815640674846, 2.011614066449495, 2.6399882806879766, 2.027286907067173]"
eval_budget,20,1,baseline,fast_simulator,job,depolarizing,auto,spsa,-0.44078236029475615,-0.5085661952267606,1.0,0.00105046876756031,0.011439663236885366,0.031061082998348866,20,6400.0,40.01757345600345,0.0,0.0,True,"[1.4982781876131246, 1.6407794010815981, 1.4718449770932327, 1.163300420412306]"
eval_budget,20,1,baseline,fast_simulator,job,depolarizing,auto,bayesian_optimization,-0.44032282362437813,-0.5085661952267606,1.0,0.0011215259565031013,0.014041654683427185,1.1325772080017487,20,6400.0,40.02017995699862,0.0,0.0,True,"[5.640307605624492, 0.0, 0.0, 2.9333298930022487]"
eval_budget,20,2,baseline,fast_simulator,job,depolarizing,auto,classical_markowitz,-0.2640860714520589,-0.2640860714520589,1.0,0.0,0.0,0.0001368750017718412,1,0.0,0.0,0.0,1.0,True,"[1.0, 1.0, 0.0, 0.0, 1.0, 0.0, 0.0, 0.0]"
eval_budget,20,2,baseline,fast_simulator,job,depolarizing,auto,random,-0.23838744204460874,-0.2640860714520589,1.0,0.00030364600500962203,0.002314785026688268,0.03163212499930523,20,6400.0,40.01787333298853,0.0,0.0,True,"[0.2859075886318325, 1.2862071304201406, 1.2747023907968422, 1.7966150914948402]"
eval_budget,20,2,baseline,fast_simulator,job,depolarizing,auto,spsa,-0.2352403655723813,-0.2640860714520589,1.0,0.0003807313062150538,0.003027628055218537,0.03220404200692428,20,6400.0,40.01826500201423,0.0,0.0,True,"[0.6545349909566761, 0.17490351822137654, 2.1713675630715255, 1.6413021584191054]"
eval_budget,20,2,baseline,fast_simulator,job,depolarizing,auto,bayesian_optimization,-0.24192914298525584,-0.2640860714520589,1.0,0.00035261028278124054,0.0008890989696277302,0.9350717500055907,20,6400.0,40.02015466798912,0.0,0.0,True,"[1.0471975511965976, 0.5262572007377716, 0.0, 0.0]"
eval_budget,20,3,baseline,fast_simulator,job,depolarizing,auto,classical_markowitz,-0.31174301182729963,-0.31174301182729963,1.0,0.0,0.0,0.00014729200483998284,1,0.0,0.0,0.0,1.0,True,"[0.0, 0.0, 1.0, 0.0, 0.0, 1.0, 1.0, 0.0]"
eval_budget,20,3,baseline,fast_simulator,job,depolarizing,auto,random,-0.2532927795430226,-0.31174301182729963,1.0,0.0010975373514915926,0.009850911619679053,0.033418708997487556,20,6400.0,40.01904637198459,0.0,0.0,True,"[5.361636512929792, 2.557397287707951, 0.7674270947679487, 0.03305915358040954]"
eval_budget,20,3,baseline,fast_simulator,job,depolarizing,auto,spsa,-0.24675785418745602,-0.31174301182729963,1.0,0.0010285189627404754,0.007407510227215236,0.032124165998538956,20,6400.0,40.01808570997673,0.0,0.0,True,"[0.40179808749481577, 1.6856319144772967, 4.8355556952538254, 2.3744746966882793]"
eval_budget,20,3,baseline,fast_simulator,job,depolarizing,auto,bayesian_optimization,-0.2636424840039505,-0.31174301182729963,1.0,0.0008888191621416644,0.01324699823757311,1.00519554100174,20,6400.0,40.02036991601199,0.0,0.0,True,"[3.8944940585359467, 1.3001021396061654, 4.496144456779288, 2.887538997455579]"
cvar_alpha,0.05,1,baseline,fast_simulator,job,depolarizing,auto,classical_markowitz,-0.5085661952267606,-0.5085661952267606,1.0,0.0,0.0,0.00014000000373926014,1,0.0,0.0,0.0,1.0,True,"[0.0, 1.0, 0.0, 1.0, 0.0, 0.0, 1.0, 0.0]"
cvar_alpha,0.05,1,baseline,fast_simulator,job,depolarizing,auto,random,-0.44196350451366645,-0.5085661952267606,1.0,0.0008382226954618427,0.014556329974445123,0.019361667000339366,12,3840.0,24.01102983400051,0.0,0.0,True,"[2.636743723468271, 2.1889235914143104, 6.240454955990814, 2.0894973765505696]"
cvar_alpha,0.05,1,baseline,fast_simulator,job,depolarizing,auto,spsa,-0.4551037383584578,-0.5085661952267606,1.0,0.0011764925551808008,0.004509775420363821,0.019608540998888202,12,3840.0,24.01101400100015,0.0,0.0,True,"[0.8264172148370169, 0.693165846559089, 5.44538639367324, 1.4280323926111314]"
cvar_alpha,0.05,1,baseline,fast_simulator,job,depolarizing,auto,bayesian_optimization,-0.47349260023523443,-0.5085661952267606,1.0,0.0010693967413462763,0.009019550840727641,0.5913038750004489,12,3840.0,24.011581792998186,0.0,0.0,True,"[3.458936035049703, 2.7922639376180287, 5.330245309677965, 1.490737075754312]"
cvar_alpha,0.05,2,baseline,fast_simulator,job,depolarizing,auto,classical_markowitz,-0.2640860714520589,-0.2640860714520589,1.0,0.0,0.0,0.00013233299978310242,1,0.0,0.0,0.0,1.0,True,"[1.0, 1.0, 0.0, 0.0, 1.0, 0.0, 0.0, 0.0]"
cvar_alpha,0.05,2,baseline,fast_simulator,job,depolarizing,auto,random,-0.25536613072391656,-0.2640860714520589,1.0,0.0001143700693772183,0.0032639391873718893,0.01910016699548578,12,3840.0,24.010640287997376,0.0,0.0,True,"[0.2859075886318325, 1.2862071304201406, 1.2747023907968422, 1.7966150914948402]"
cvar_alpha,0.05,2,baseline,fast_simulator,job,depolarizing,auto,spsa,-0.25313768171858564,-0.2640860714520589,1.0,0.00011058528960138207,0.0032639391873718893,0.018271749999257736,12,3840.0,24.010273748994223,0.0,0.0,True,"[1.1746989694042165, 2.6978319385224774, 1.2247806844547278, 2.6256005563670057]"
cvar_alpha,0.05,2,baseline,fast_simulator,job,depolarizing,auto,bayesian_optimization,-0.25618301016658723,-0.2640860714520589,1.0,0.0001264137619813819,0.0011880717142171149,0.45512062500347383,12,3840.0,24.01179408200551,0.0,0.0,True,"[0.0, 0.0, 0.5996146099515088, 1.0089248193667908]"
cvar_alpha,0.05,3,baseline,fast_simulator,job,depolarizing,auto,classical_markowitz,-0.31174301182729963,-0.31174301182729963,1.0,0.0,0.0,0.00013958300405647606,1,0.0,0.0,0.0,1.0,True,"[0.0, 0.0, 1.0, 0.0, 0.0, 1.0, 1.0, 0.0]"
cvar_alpha,0.05,3,baseline,fast_simulator,job,depolarizing,auto,random,-0.28230924784950595,-0.31174301182729963,1.0,0.0007044341597782002,0.012909206412653973,0.019527875003404915,12,3840.0,24.01107233199582,0.0,0.0,True,"[2.8387934157492216, 1.3556715231969396, 1.6468828277616945, 2.462433928161701]"
cvar_alpha,0.05,3,baseline,fast_simulator,job,depolarizing,auto,spsa,-0.28801783516768636,-0.31174301182729963,1.0,0.0007349219577506167,0.0,0.01971783300541574,12,3840.0,24.011279496990028,0.0,0.0,True,"[0.32453707257907993, 2.890736193205085, 3.2889544026213393, 1.1833434215414393]"
cvar_alpha,0.05,3,baseline,fast_simulator,job,depolarizing,auto,bayesian_optimization,-0.28288051815783083,-0.31174301182729963,1.0,0.0006759855003505497,0.0064546032063269865,0.7070685420039808,12,3840.0,24.011893750001036,0.0,0.0,True,"[4.927486945792618, 0.7977708106078673, 3.845503201992422, 2.381759402022109]"
cvar_alpha,0.1,1,baseline,fast_simulator,job,depolarizing,auto,classical_markowitz,-0.5085661952267606,-0.5085661952267606,1.0,0.0,0.0,0.00013625000428874046,1,0.0,0.0,0.0,1.0,True,"[0.0, 1.0, 0.0, 1.0, 0.0, 0.0, 1.0, 0.0]"
cvar_alpha,0.1,1,baseline,fast_simulator,job,depolarizing,auto,random,-0.42018150675951743,-0.5085661952267606,1.0,0.0011503323312020395,0.014556329974445123,0.020128584001213312,12,3840.0,24.0113680840077,0.0,0.0,True,"[5.108534819136938, 0.25604165828804903, 1.6892548664309213, 2.651610266663581]"
cvar_alpha,0.1,1,baseline,fast_simulator,job,depolarizing,auto,spsa,-0.4279952014401689,-0.5085661952267606,1.0,0.0013804718973508244,0.004509775420363821,0.020170415999018587,12,3840.0,24.011210873024538,0.0,0.0,True,"[0.8177746675906779, 0.701808393805428, 5.443147795790966, 1.4302709904934046]"
cvar_alpha,0.1,1,baseline,fast_simulator,job,depolarizing,auto,bayesian_optimization,-0.443999096085273,-0.5085661952267606,1.0,0.0010977453337927406,0.030940607307125723,0.5646214999942458,12,3840.0,24.011745457006327,0.0,0.0,True,"[3.458936035049703, 2.7922639376180287, 5.330245309677965, 1.490737075754312]"
cvar_alpha,0.1,2,baseline,fast_simulator,job,depolarizing,auto,classical_markowitz,-0.2640860714520589,-0.2640860714520589,1.0,0.0,0.0,0.00013524999667424709,1,0.0,0.0,0.0,1.0,True,"[1.0, 1.0, 0.0, 0.0, 1.0, 0.0, 0.0, 0.0]"
cvar_alpha,0.1,2,baseline,fast_simulator,job,depolarizing,auto,random,-0.23838744204460874,-0.2640860714520589,1.0,0.00031173832497300113,0.0032639391873718893,0.019502041999658104,12,3840.0,24.01098379000905,0.0,0.0,True,"[0.2859075886318325, 1.2862071304201406, 1.2747023907968422, 1.7966150914948402]"
cvar_alpha,0.1,2,baseline,fast_simulator,job,depolarizing,auto,spsa,-0.23904932680266314,-0.2640860714520589,1.0,0.00029344971763222626,0.003474099512134935,0.018974000005982816,12,3840.0,24.010488834006537,0.0,0.0,True,"[1.364678783594654, 2.887811752712915, 1.4147604986451654, 2.4356207421765683]"
cvar_alpha,0.1,2,baseline,fast_simulator,job,depolarizing,auto,bayesian_optimization,-0.24438544036344825,-0.2640860714520589,1.0,0.00029768021366203987,0.0011880717142171149,0.3926266249982291,12,3840.0,24.01206620798621,0.0,0.0,True,"[1.0471975511965976, 0.0, 0.0, 0.7293334694574736]"
cvar_alpha,0.1,3,baseline,fast_simulator,job,depolarizing,auto,classical_markowitz,-0.31174301182729963,-0.31174301182729963,1.0,0.0,0.0,0.00014150000060908496,1,0.0,0.0,0.0,1.0,True,"[0.0, 0.0, 1.0, 0.0, 0.0, 1.0, 1.0, 0.0]"
cvar_alpha,0.1,3,baseline,fast_simulator,job,depolarizing,auto,random,-0.24696912034109306,-0.31174301182729963,1.0,0.001119273696666919,0.012909206412653973,0.019082999999227468,12,3840.0,24.01089233499806,0.0,0.0,True,"[2.8387934157492216, 1.3556715231969396, 1.6468828277616945, 2.462433928161701]"
cvar_alpha,0.1,3,baseline,fast_simulator,job,depolarizing,auto,spsa,-0.26325028826238867,-0.31174301182729963,1.0,0.0011514271743228,0.0,0.018692875004489906,12,3840.0,24.01057062199834,0.0,0.0,True,"[0.32093765814163067, 2.8871367787676356, 3.28535498818389, 1.1869428359788885]"
cvar_alpha,0.1,3,baseline,fast_simulator,job,depolarizing,auto,bayesian_optimization,-0.2554858048562529,-0.31174301182729963,1.0,0.0009589001572776172,0.009400226792509523,0.6441963329998543,12,3840.0,24.012527457998658,0.0,0.0,True,"[4.927486945792618, 0.7977708106078673, 3.845503201992422, 2.381759402022109]"
cvar_alpha,0.2,1,baseline,fast_simulator,job,depolarizing,auto,classical_markowitz,-0.5085661952267606,-0.5085661952267606,1.0,0.0,0.0,0.00012966699432581663,1,0.0,0.0,0.0,1.0,True,"[0.0, 1.0, 0.0, 1.0, 0.0, 0.0, 1.0, 0.0]"
cvar_alpha,0.2,1,baseline,fast_simulator,job,depolarizing,auto,random,-0.39430606248794076,-0.5085661952267606,1.0,0.0023729894739914735,0.014556329974445123,0.01956541700201342,12,3840.0,24.01099674701254,0.0,0.0,True,"[5.108534819136938, 0.25604165828804903, 1.6892548664309213, 2.651610266663581]"
cvar_alpha,0.2,1,baseline,fast_simulator,job,depolarizing,auto,spsa,-0.3800862779373922,-0.5085661952267606,1.0,0.002471110979412064,0.004509775420363821,0.020200500002829358,12,3840.0,24.01116370901582,0.0,0.0,True,"[0.8132713177558153, 0.8714603152909244, 5.441739067748273, 1.6048035242634644]"
cvar_alpha,0.2,1,baseline,fast_simulator,job,depolarizing,auto,bayesian_optimization,-0.4087358314802917,-0.5085661952267606,1.0,0.0021749412192499547,0.023402757805711976,0.6292162500030827,12,3840.0,24.011850206996314,0.0,0.0,True,"[3.458936035049703, 2.7922639376180287, 5.330245309677965, 1.490737075754312]"
cvar_alpha,0.2,2,baseline,fast_simulator,job,depolarizing,auto,classical_markowitz,-0.2640860714520589,-0.2640860714520589,1.0,0.0,0.0,0.00013266600581118837,1,0.0,0.0,0.0,1.0,True,"[1.0, 1.0, 0.0, 0.0, 1.0, 0.0, 0.0, 0.0]"
cvar_alpha,0.2,2,baseline,fast_simulator,job,depolarizing,auto,random,-0.2134291759502851,-0.2640860714520589,1.0,0.0010322350512774598,0.0032639391873718893,0.01985354199860012,12,3840.0,24.011186623996764,0.0,0.0,True,"[0.2859075886318325, 1.2862071304201406, 1.2747023907968422, 1.7966150914948402]"
cvar_alpha,0.2,2,baseline,fast_simulator,job,depolarizing,auto,spsa,-0.2189988782632989,-0.2640860714520589,1.0,0.00083642763216877,0.003474099512134935,0.019028916998649947,12,3840.0,24.01065837400529,0.0,0.0,True,"[1.3690663692187348, 2.892199338336996, 1.419148084269246, 2.431233156552487]"
cvar_alpha,0.2,2,baseline,fast_simulator,job,depolarizing,auto,bayesian_optimization,-0.21433897283073494,-0.2640860714520589,1.0,0.0013494580406082583,0.0017821075713256723,0.4235615829966264,12,3840.0,24.011931081986404,0.0,0.0,True,"[0.6180650103352722, 0.0, 0.7742360830414972, 1.1527166044990023]"
cvar_alpha,0.2,3,baseline,fast_simulator,job,depolarizing,auto,classical_markowitz,-0.31174301182729963,-0.31174301182729963,1.0,0.0,0.0,0.00013945800310466439,1,0.0,0.0,0.0,1.0,True,"[0.0, 0.0, 1.0, 0.0, 0.0, 1.0, 1.0, 0.0]"
cvar_alpha,0.2,3,baseline,fast_simulator,job,depolarizing,auto,random,-0.20882918587242985,-0.31174301182729963,1.0,0.002911614425358032,0.012909206412653973,0.019649082998512313,12,3840.0,24.011211249002372,0.0,0.0,True,"[2.3202942925950825, 0.2667047925632136, 1.2159696563981206, 0.6718829668038063]"
cvar_alpha,0.2,3,baseline,fast_simulator,job,depolarizing,auto,spsa,-0.22212479942959512,-0.31174301182729963,1.0,0.0028342293225777763,0.0,0.019114916998660192,12,3840.0,24.010996333992807,0.0,0.0,True,"[0.3220187707462749, 2.88821789137228, 3.2864361007885345, 1.1858617233742441]"
cvar_alpha,0.2,3,baseline,fast_simulator,job,depolarizing,auto,bayesian_optimization,-0.22388622218263926,-0.31174301182729963,1.0,0.002290398043714961,0.005891247172365073,0.6289265419982257,12,3840.0,24.0120117910119,0.0,0.0,True,"[4.27222195544041, 1.5917726419214406, 2.4033348369866427, 0.9665888748142833]"
invalid_penalty,20.0,1,baseline,fast_simulator,job,depolarizing,auto,classical_markowitz,-0.5085661952267606,-0.5085661952267606,1.0,0.0,0.0,0.0001389579992974177,1,0.0,0.0,0.0,1.0,True,"[0.0, 1.0, 0.0, 1.0, 0.0, 0.0, 1.0, 0.0]"
invalid_penalty,20.0,1,baseline,fast_simulator,job,depolarizing,auto,random,-0.42018150675951743,-0.5085661952267606,1.0,0.0011503323312020395,0.014556329974445123,0.018852708002668805,12,3840.0,24.010654831989086,0.0,0.0,True,"[5.108534819136938, 0.25604165828804903, 1.6892548664309213, 2.651610266663581]"
invalid_penalty,20.0,1,baseline,fast_simulator,job,depolarizing,auto,spsa,-0.4279952014401689,-0.5085661952267606,1.0,0.0013804718973508244,0.004509775420363821,0.019529083001543768,12,3840.0,24.010800957992615,0.0,0.0,True,"[0.8177746675906779, 0.701808393805428, 5.443147795790966, 1.4302709904934046]"
invalid_penalty,20.0,1,baseline,fast_simulator,job,depolarizing,auto,bayesian_optimization,-0.443999096085273,-0.5085661952267606,1.0,0.0010977453337927406,0.030940607307125723,0.6163175830006367,12,3840.0,24.011756209009036,0.0,0.0,True,"[3.458936035049703, 2.7922639376180287, 5.330245309677965, 1.490737075754312]"
invalid_penalty,20.0,2,baseline,fast_simulator,job,depolarizing,auto,classical_markowitz,-0.2640860714520589,-0.2640860714520589,1.0,0.0,0.0,0.00013370899978326634,1,0.0,0.0,0.0,1.0,True,"[1.0, 1.0, 0.0, 0.0, 1.0, 0.0, 0.0, 0.0]"
invalid_penalty,20.0,2,baseline,fast_simulator,job,depolarizing,auto,random,-0.23838744204460874,-0.2640860714520589,1.0,0.00031173832497300113,0.0032639391873718893,0.019546915995306335,12,3840.0,24.01103999998304,0.0,0.0,True,"[0.2859075886318325, 1.2862071304201406, 1.2747023907968422, 1.7966150914948402]"
invalid_penalty,20.0,2,baseline,fast_simulator,job,depolarizing,auto,spsa,-0.23904932680266314,-0.2640860714520589,1.0,0.00029344971763222626,0.003474099512134935,0.019379875004233327,12,3840.0,24.010878957997193,0.0,0.0,True,"[1.364678783594654, 2.887811752712915, 1.4147604986451654, 2.4356207421765683]"
invalid_penalty,20.0,2,baseline,fast_simulator,job,depolarizing,auto,bayesian_optimization,-0.24438544036344825,-0.2640860714520589,1.0,0.00029768021366203987,0.0011880717142171149,0.4122943749971455,12,3840.0,24.011742000002414,0.0,0.0,True,"[1.0471975511965976, 0.0, 0.0, 0.7293334694574736]"
invalid_penalty,20.0,3,baseline,fast_simulator,job,depolarizing,auto,classical_markowitz,-0.31174301182729963,-0.31174301182729963,1.0,0.0,0.0,0.00013349999790079892,1,0.0,0.0,0.0,1.0,True,"[0.0, 0.0, 1.0, 0.0, 0.0, 1.0, 1.0, 0.0]"
invalid_penalty,20.0,3,baseline,fast_simulator,job,depolarizing,auto,random,-0.24696912034109306,-0.31174301182729963,1.0,0.001119273696666919,0.012909206412653973,0.019120958997518755,12,3840.0,24.01086587699683,0.0,0.0,True,"[2.8387934157492216, 1.3556715231969396, 1.6468828277616945, 2.462433928161701]"
invalid_penalty,20.0,3,baseline,fast_simulator,job,depolarizing,auto,spsa,-0.26325028826238867,-0.31174301182729963,1.0,0.0011514271743228,0.0,0.018797417003952432,12,3840.0,24.01068883300468,0.0,0.0,True,"[0.32093765814163067, 2.8871367787676356, 3.28535498818389, 1.1869428359788885]"
invalid_penalty,20.0,3,baseline,fast_simulator,job,depolarizing,auto,bayesian_optimization,-0.2554858048562529,-0.31174301182729963,1.0,0.0009589001572776172,0.009400226792509523,0.688329958000395,12,3840.0,24.011964875011472,0.0,0.0,True,"[4.927486945792618, 0.7977708106078673, 3.845503201992422, 2.381759402022109]"
invalid_penalty,50.0,1,baseline,fast_simulator,job,depolarizing,auto,classical_markowitz,-0.5085661952267606,-0.5085661952267606,1.0,0.0,0.0,0.0001332500032731332,1,0.0,0.0,0.0,1.0,True,"[0.0, 1.0, 0.0, 1.0, 0.0, 0.0, 1.0, 0.0]"
invalid_penalty,50.0,1,baseline,fast_simulator,job,depolarizing,auto,random,-0.42018150675951743,-0.5085661952267606,1.0,0.0011503323312020395,0.014556329974445123,0.0193585000015446,12,3840.0,24.01099395799247,0.0,0.0,True,"[5.108534819136938, 0.25604165828804903, 1.6892548664309213, 2.651610266663581]"
invalid_penalty,50.0,1,baseline,fast_simulator,job,depolarizing,auto,spsa,-0.4279952014401689,-0.5085661952267606,1.0,0.0013804718973508244,0.004509775420363821,0.01938183300080709,12,3840.0,24.010842874005903,0.0,0.0,True,"[0.8177746675906779, 0.701808393805428, 5.443147795790966, 1.4302709904934046]"
invalid_penalty,50.0,1,baseline,fast_simulator,job,depolarizing,auto,bayesian_optimization,-0.443999096085273,-0.5085661952267606,1.0,0.0010977453337927406,0.030940607307125723,0.618963665998308,12,3840.0,24.01186504198995,0.0,0.0,True,"[3.458936035049703, 2.7922639376180287, 5.330245309677965, 1.490737075754312]"
invalid_penalty,50.0,2,baseline,fast_simulator,job,depolarizing,auto,classical_markowitz,-0.2640860714520589,-0.2640860714520589,1.0,0.0,0.0,0.000131665998196695,1,0.0,0.0,0.0,1.0,True,"[1.0, 1.0, 0.0, 0.0, 1.0, 0.0, 0.0, 0.0]"
invalid_penalty,50.0,2,baseline,fast_simulator,job,depolarizing,auto,random,-0.23838744204460874,-0.2640860714520589,1.0,0.00031173832497300113,0.0032639391873718893,0.02004691699403338,12,3840.0,24.01109487600479,0.0,0.0,True,"[0.2859075886318325, 1.2862071304201406, 1.2747023907968422, 1.7966150914948402]"
invalid_penalty,50.0,2,baseline,fast_simulator,job,depolarizing,auto,spsa,-0.23904932680266314,-0.2640860714520589,1.0,0.00029344971763222626,0.003474099512134935,0.020169249997707084,12,3840.0,24.01134758500848,0.0,0.0,True,"[1.364678783594654, 2.887811752712915, 1.4147604986451654, 2.4356207421765683]"
invalid_penalty,50.0,2,baseline,fast_simulator,job,depolarizing,auto,bayesian_optimization,-0.24438544036344825,-0.2640860714520589,1.0,0.00029768021366203987,0.0011880717142171149,0.3965052920029848,12,3840.0,24.01214508299745,0.0,0.0,True,"[1.0471975511965976, 0.0, 0.0, 0.7293334694574736]"
invalid_penalty,50.0,3,baseline,fast_simulator,job,depolarizing,auto,classical_markowitz,-0.31174301182729963,-0.31174301182729963,1.0,0.0,0.0,0.00013300000136950985,1,0.0,0.0,0.0,1.0,True,"[0.0, 0.0, 1.0, 0.0, 0.0, 1.0, 1.0, 0.0]"
invalid_penalty,50.0,3,baseline,fast_simulator,job,depolarizing,auto,random,-0.24696912034109306,-0.31174301182729963,1.0,0.001119273696666919,0.012909206412653973,0.019136709001031704,12,3840.0,24.010869584009924,0.0,0.0,True,"[2.8387934157492216, 1.3556715231969396, 1.6468828277616945, 2.462433928161701]"
invalid_penalty,50.0,3,baseline,fast_simulator,job,depolarizing,auto,spsa,-0.26325028826238867,-0.31174301182729963,1.0,0.0011514271743228,0.0,0.01900654200289864,12,3840.0,24.01068466799188,0.0,0.0,True,"[0.32093765814163067, 2.8871367787676356, 3.28535498818389, 1.1869428359788885]"
invalid_penalty,50.0,3,baseline,fast_simulator,job,depolarizing,auto,bayesian_optimization,-0.2554858048562529,-0.31174301182729963,1.0,0.0009589001572776172,0.009400226792509523,0.667487708000408,12,3840.0,24.011878999990586,0.0,0.0,True,"[4.927486945792618, 0.7977708106078673, 3.845503201992422, 2.381759402022109]"
invalid_penalty,100.0,1,baseline,fast_simulator,job,depolarizing,auto,classical_markowitz,-0.5085661952267606,-0.5085661952267606,1.0,0.0,0.0,0.00014745900261914358,1,0.0,0.0,0.0,1.0,True,"[0.0, 1.0, 0.0, 1.0, 0.0, 0.0, 1.0, 0.0]"
invalid_penalty,100.0,1,baseline,fast_simulator,job,depolarizing,auto,random,-0.42018150675951743,-0.5085661952267606,1.0,0.0011503323312020395,0.014556329974445123,0.01935141600552015,12,3840.0,24.011037914002372,0.0,0.0,True,"[5.108534819136938, 0.25604165828804903, 1.6892548664309213, 2.651610266663581]"
invalid_penalty,100.0,1,baseline,fast_simulator,job,depolarizing,auto,spsa,-0.4279952014401689,-0.5085661952267606,1.0,0.0013804718973508244,0.004509775420363821,0.019102791004115716,12,3840.0,24.01059196099959,0.0,0.0,True,"[0.8177746675906779, 0.701808393805428, 5.443147795790966, 1.4302709904934046]"
invalid_penalty,100.0,1,baseline,fast_simulator,job,depolarizing,auto,bayesian_optimization,-0.443999096085273,-0.5085661952267606,1.0,0.0010977453337927406,0.030940607307125723,0.5611782910054899,12,3840.0,24.01178812499711,0.0,0.0,True,"[3.458936035049703, 2.7922639376180287, 5.330245309677965, 1.490737075754312]"
invalid_penalty,100.0,2,baseline,fast_simulator,job,depolarizing,auto,classical_markowitz,-0.2640860714520589,-0.2640860714520589,1.0,0.0,0.0,0.00013387500075623393,1,0.0,0.0,0.0,1.0,True,"[1.0, 1.0, 0.0, 0.0, 1.0, 0.0, 0.0, 0.0]"
invalid_penalty,100.0,2,baseline,fast_simulator,job,depolarizing,auto,random,-0.23838744204460874,-0.2640860714520589,1.0,0.00031173832497300113,0.0032639391873718893,0.019728709004994016,12,3840.0,24.01106937599252,0.0,0.0,True,"[0.2859075886318325, 1.2862071304201406, 1.2747023907968422, 1.7966150914948402]"
invalid_penalty,100.0,2,baseline,fast_simulator,job,depolarizing,auto,spsa,-0.23904932680266314,-0.2640860714520589,1.0,0.00029344971763222626,0.003474099512134935,0.019475332999718376,12,3840.0,24.01094241601095,0.0,0.0,True,"[1.364678783594654, 2.887811752712915, 1.4147604986451654, 2.4356207421765683]"
invalid_penalty,100.0,2,baseline,fast_simulator,job,depolarizing,auto,bayesian_optimization,-0.24438544036344825,-0.2640860714520589,1.0,0.00029768021366203987,0.0011880717142171149,0.40348979199916357,12,3840.0,24.012069001008058,0.0,0.0,True,"[1.0471975511965976, 0.0, 0.0, 0.7293334694574736]"
invalid_penalty,100.0,3,baseline,fast_simulator,job,depolarizing,auto,classical_markowitz,-0.31174301182729963,-0.31174301182729963,1.0,0.0,0.0,0.00013870900147594512,1,0.0,0.0,0.0,1.0,True,"[0.0, 0.0, 1.0, 0.0, 0.0, 1.0, 1.0, 0.0]"
invalid_penalty,100.0,3,baseline,fast_simulator,job,depolarizing,auto,random,-0.24696912034109306,-0.31174301182729963,1.0,0.001119273696666919,0.012909206412653973,0.01961454199772561,12,3840.0,24.01121450298524,0.0,0.0,True,"[2.8387934157492216, 1.3556715231969396, 1.6468828277616945, 2.462433928161701]"
invalid_penalty,100.0,3,baseline,fast_simulator,job,depolarizing,auto,spsa,-0.26325028826238867,-0.31174301182729963,1.0,0.0011514271743228,0.0,0.019291959004476666,12,3840.0,24.011082247998274,0.0,0.0,True,"[0.32093765814163067, 2.8871367787676356, 3.28535498818389, 1.1869428359788885]"
invalid_penalty,100.0,3,baseline,fast_simulator,job,depolarizing,auto,bayesian_optimization,-0.2554858048562529,-0.31174301182729963,1.0,0.0009589001572776172,0.009400226792509523,0.892830333999882,12,3840.0,24.011887875996763,0.0,0.0,True,"[4.927486945792618, 0.7977708106078673, 3.845503201992422, 2.381759402022109]"
