study_name,study_value,seed,regime,n_assets,budget,execution_mode,execution_billing_mode,noise_model,depolarizing_strength_1q,depolarizing_strength_2q,measurement_error,transpile_topology,mixer_type,p_layers,evaluation_budget,n_init_points,shots,cvar_alpha,invalid_penalty,method,best_raw_objective,best_valid_energy,feasible_hit_rate,mean_objective_variance,mean_approx_gap,best_approx_ratio,mean_approx_ratio,best_valid_regret_auc,best_valid_energy_per_shot,best_valid_energy_per_usd,mean_shot_noise_variance_proxy,mean_excess_variance,best_valid_sharpe_ratio,mean_best_valid_sharpe_ratio,mean_budget_violation,violation_counts,mean_zne_correction_magnitude,shots_to_first_feasible,elapsed_seconds,total_objective_calls,effective_shots,estimated_billed_seconds,estimated_qpu_cost_usd,win_share,exact_reference_available,constraint_hardness,penalty_doublings,best_params
factorial,regime=baseline | n_assets=6 | mixer_type=xy | depolarizing_strength_2q=0.001,1,baseline,6,4,fast_simulator,job,depolarizing,0.0005,0.001,0.01,auto,xy,2,6,3,128,0.1,50.0,classical_markowitz,-0.49398316399409165,-0.49398316399409165,1.0,0.0,0.0,1.0,1.0,0.0,nan,nan,0.0,0.0,1.393163809437971,1.393163809437971,0.0,"{""0"": 1}",0.0,0.0,4.691700451076031e-05,1,0.0,0.0,0.0,0.0,True,0.234375,0,"[1.0, 1.0, 0.0, 1.0, 1.0, 0.0]"
factorial,regime=baseline | n_assets=6 | mixer_type=xy | depolarizing_strength_2q=0.001,1,baseline,6,4,fast_simulator,job,depolarizing,0.0005,0.001,0.01,auto,xy,2,6,3,128,0.1,50.0,random,-0.4939831639940917,-0.49398316399409165,1.0,0.00024274925421295942,0.0,1.0,1.0,0.0,-0.0006432072447839735,nan,1.8964788792679122e-06,0.0002408527753336915,1.393163809437971,1.393163809437971,0.15625,"{""0"": 652, ""1"": 112, ""2"": 4}",0.0,128.0,0.0030982079915702343,6,768.0,12.001903541968204,0.0,0.3333333333333333,True,0.234375,0,"[1.6342404620574311, 2.638565616358095, 3.201257036844459, 1.6050047662407447]"
factorial,regime=baseline | n_assets=6 | mixer_type=xy | depolarizing_strength_2q=0.001,1,baseline,6,4,fast_simulator,job,depolarizing,0.0005,0.001,0.01,auto,xy,2,6,3,128,0.1,50.0,spsa,-0.4939831639940917,-0.49398316399409165,1.0,0.00027525043565629066,0.0,1.0,1.0,0.0,-0.0006432072447839735,nan,2.150394524658521e-06,0.00027310004113163214,1.393163809437971,1.393163809437971,0.15234375,"{""0"": 653, ""1"": 113, ""2"": 2}",0.0,128.0,0.003178125014528632,6,768.0,12.001831083092839,0.0,0.3333333333333333,True,0.234375,0,"[4.945698665316704, 0.11445571840096513, 1.5943279523931355, 0.9727450880199452]"
factorial,regime=baseline | n_assets=6 | mixer_type=xy | depolarizing_strength_2q=0.001,1,baseline,6,4,fast_simulator,job,depolarizing,0.0005,0.001,0.01,auto,xy,2,6,3,128,0.1,50.0,bayesian_optimization,-0.4939831639940917,-0.49398316399409165,1.0,0.0002851623217027014,0.015897339938406807,1.0,1.0356210069273415,0.02384600990761021,-0.0006432072447839735,nan,2.227830803666938e-06,0.00028293449089903446,1.393163809437971,1.4688078218172997,0.17057291666666666,"{""0"": 641, ""1"": 123, ""2"": 4}",0.0,128.0,0.5424957089708187,6,768.0,12.002181292045861,0.0,0.3333333333333333,True,0.234375,0,"[3.458936035049703, 2.7922639376180287, 5.330245309677965, 1.490737075754312]"
factorial,regime=baseline | n_assets=6 | mixer_type=xy | depolarizing_strength_2q=0.001,2,baseline,6,4,fast_simulator,job,depolarizing,0.0005,0.001,0.01,auto,xy,2,6,3,128,0.1,50.0,classical_markowitz,-0.5198301787415209,-0.5198301787415209,1.0,0.0,0.0,1.0,1.0,0.0,nan,nan,0.0,0.0,2.0365805043983296,2.0365805043983296,0.0,"{""0"": 1}",0.0,0.0,4.579097731038928e-05,1,0.0,0.0,0.0,0.25,True,0.234375,0,"[0.0, 1.0, 1.0, 0.0, 1.0, 1.0]"
factorial,regime=baseline | n_assets=6 | mixer_type=xy | depolarizing_strength_2q=0.001,2,baseline,6,4,fast_simulator,job,depolarizing,0.0005,0.001,0.01,auto,xy,2,6,3,128,0.1,50.0,random,-0.5198301787415209,-0.5198301787415209,1.0,0.00026256699348855547,0.0,1.0,1.0,0.0,-0.000676862211903022,nan,2.051304801993923e-06,0.00026051568868656156,2.0365805043983296,2.0365805043983296,0.14713541666666666,"{""0"": 656, ""1"": 111, ""2"": 1}",0.0,128.0,0.0030328749562613666,6,768.0,12.001879625022411,0.0,0.25,True,0.234375,0,"[5.210998224087297, 1.5646892432039405, 4.351219750869545, 1.0650796263787996]"
factorial,regime=baseline | n_assets=6 | mixer_type=xy | depolarizing_strength_2q=0.001,2,baseline,6,4,fast_simulator,job,depolarizing,0.0005,0.001,0.01,auto,xy,2,6,3,128,0.1,50.0,spsa,-0.5198301787415209,-0.5198301787415209,1.0,0.00014862153388694823,0.0,1.0,1.0,0.0,-0.000676862211903022,nan,1.1611060642209496e-06,0.00014746042782272728,2.0365805043983296,2.0365805043983296,0.18229166666666666,"{""0"": 637, ""1"": 123, ""2"": 7, ""3"": 1}",0.0,128.0,0.0031445419881492853,6,768.0,12.00187691411702,0.0,0.25,True,0.234375,0,"[2.723258830787655, 1.2704431422328937, 1.3770328781769148, 0.04369372941868832]"
factorial,regime=baseline | n_assets=6 | mixer_type=xy | depolarizing_strength_2q=0.001,2,baseline,6,4,fast_simulator,job,depolarizing,0.0005,0.001,0.01,auto,xy,2,6,3,128,0.1,50.0,bayesian_optimization,-0.5198301787415209,-0.5198301787415209,1.0,0.0001634788355616923,0.0032198618692161896,1.0,1.0064331489633573,0.0,-0.000676862211903022,nan,1.2771785681903042e-06,0.00016220165699350197,2.0365805043983296,1.9922493935384864,0.14453125,"{""0"": 659, ""1"": 107, ""2"": 2}",0.0,128.0,0.25907695799833164,6,768.0,12.002123667043634,0.0,0.25,True,0.234375,0,"[4.301382415191508, 1.19213964944725, 5.127370914276506, 0.9188249527016425]"
factorial,regime=baseline | n_assets=6 | mixer_type=xy | depolarizing_strength_2q=0.02,1,baseline,6,4,fast_simulator,job,depolarizing,0.0005,0.02,0.01,auto,xy,2,6,3,128,0.1,50.0,classical_markowitz,-0.49398316399409165,-0.49398316399409165,1.0,0.0,0.0,1.0,1.0,0.0,nan,nan,0.0,0.0,1.393163809437971,1.393163809437971,0.0,"{""0"": 1}",0.0,0.0,4.491698928177357e-05,1,0.0,0.0,0.0,1.0,True,0.234375,0,"[1.0, 1.0, 0.0, 1.0, 1.0, 0.0]"
factorial,regime=baseline | n_assets=6 | mixer_type=xy | depolarizing_strength_2q=0.02,1,baseline,6,4,fast_simulator,job,depolarizing,0.0005,0.02,0.01,auto,xy,2,6,3,128,0.1,50.0,random,-0.44993198119997396,-0.49398316399409165,1.0,0.0007382670610813399,0.0,1.0,1.0,0.0,-0.0006432072447839735,nan,5.767711414697968e-06,0.0007324993496666418,1.393163809437971,1.393163809437971,1.04296875,"{""0"": 225, ""1"": 331, ""2"": 169, ""3"": 40, ""4"": 3}",0.0,128.0,0.0035245419712737203,6,768.0,12.001876749971416,0.0,0.0,True,0.234375,0,"[0.8203733159725536, 2.957462902342073, 3.9319344761052926, 2.1328804048461754]"
factorial,regime=baseline | n_assets=6 | mixer_type=xy | depolarizing_strength_2q=0.02,1,baseline,6,4,fast_simulator,job,depolarizing,0.0005,0.02,0.01,auto,xy,2,6,3,128,0.1,50.0,spsa,-0.4573674368750365,-0.49398316399409165,1.0,0.0006754130705648129,0.007948669969203404,1.0,1.0178105034636709,0.0,-0.0006432072447839735,nan,5.276664613787601e-06,0.0006701364059510254,1.393163809437971,1.4309858156276354,0.984375,"{""0"": 238, ""1"": 336, ""2"": 163, ""3"": 30, ""4"": 1}",0.0,128.0,0.0037402909947559237,6,768.0,12.001999666041229,0.0,0.0,True,0.234375,0,"[5.145698665316703, 0.31445571840096515, 1.3943279523931353, 1.1727450880199453]"
factorial,regime=baseline | n_assets=6 | mixer_type=xy | depolarizing_strength_2q=0.02,1,baseline,6,4,fast_simulator,job,depolarizing,0.0005,0.02,0.01,auto,xy,2,6,3,128,0.1,50.0,bayesian_optimization,-0.4535050585831682,-0.49398316399409165,1.0,0.0008043324009577255,0.015897339938406807,1.0,1.0356210069273415,0.0,-0.0006432072447839735,nan,6.283846882482231e-06,0.0007980485540752432,1.393163809437971,1.4688078218172997,1.1484375,"{""0"": 196, ""1"": 336, ""2"": 169, ""3"": 60, ""4"": 7}",0.0,128.0,0.2631293329759501,6,768.0,12.00222741503967,0.0,0.0,True,0.234375,0,"[3.458936035049703, 2.7922639376180287, 5.330245309677965, 1.490737075754312]"
factorial,regime=baseline | n_assets=6 | mixer_type=xy | depolarizing_strength_2q=0.02,2,baseline,6,4,fast_simulator,job,depolarizing,0.0005,0.02,0.01,auto,xy,2,6,3,128,0.1,50.0,classical_markowitz,-0.5198301787415209,-0.5198301787415209,1.0,0.0,0.0,1.0,1.0,0.0,nan,nan,0.0,0.0,2.0365805043983296,2.0365805043983296,0.0,"{""0"": 1}",0.0,0.0,4.441698547452688e-05,1,0.0,0.0,0.0,1.0,True,0.234375,0,"[0.0, 1.0, 1.0, 0.0, 1.0, 1.0]"
factorial,regime=baseline | n_assets=6 | mixer_type=xy | depolarizing_strength_2q=0.02,2,baseline,6,4,fast_simulator,job,depolarizing,0.0005,0.02,0.01,auto,xy,2,6,3,128,0.1,50.0,random,-0.5005581116808497,-0.5198301787415209,1.0,0.0009638615579953408,0.0032198618692161896,1.0,1.0064331489633573,0.0,-0.000676862211903022,nan,7.5301684218386e-06,0.0009563313895735022,2.0365805043983296,1.9922493935384864,1.0872395833333333,"{""0"": 217, ""1"": 327, ""2"": 169, ""3"": 50, ""4"": 5}",0.0,128.0,0.003580958000384271,6,768.0,12.001889124920126,0.0,0.0,True,0.234375,0,"[2.619816689582517, 1.8561909556720675, 5.805994911027577, 1.395505534619388]"
factorial,regime=baseline | n_assets=6 | mixer_type=xy | depolarizing_strength_2q=0.02,2,baseline,6,4,fast_simulator,job,depolarizing,0.0005,0.02,0.01,auto,xy,2,6,3,128,0.1,50.0,spsa,-0.49904880142965463,-0.5198301787415209,1.0,0.0011205621574212343,0.0,1.0,1.0,0.0,-0.000676862211903022,nan,8.754391854853393e-06,0.001111807765566381,2.0365805043983296,2.0365805043983296,1.1106770833333333,"{""0"": 203, ""1"": 336, ""2"": 172, ""3"": 55, ""4"": 2}",0.0,128.0,0.003383625007700175,6,768.0,12.001787875022274,0.0,0.0,True,0.234375,0,"[2.723258830787655, 1.2704431422328937, 1.3770328781769148, 0.04369372941868832]"
factorial,regime=baseline | n_assets=6 | mixer_type=xy | depolarizing_strength_2q=0.02,2,baseline,6,4,fast_simulator,job,depolarizing,0.0005,0.02,0.01,auto,xy,2,6,3,128,0.1,50.0,bayesian_optimization,-0.48582651104430147,-0.5198301787415209,1.0,0.0009315961936720435,0.006439723738432379,1.0,1.0128662979267145,0.0,-0.000676862211903022,nan,7.27809526306284e-06,0.0009243180984089807,2.0365805043983296,1.9479182826786428,1.1015625,"{""0"": 198, ""1"": 353, ""2"": 164, ""3"": 47, ""4"": 6}",0.0,128.0,0.24650329095311463,6,768.0,12.00226104108151,0.0,0.0,True,0.234375,0,"[2.334646423849, 0.04790725477262874, 2.765199400784281, 0.13011921009635602]"
factorial,regime=baseline | n_assets=6 | mixer_type=product_x | depolarizing_strength_2q=0.001,1,baseline,6,4,fast_simulator,job,depolarizing,0.0005,0.001,0.01,auto,product_x,2,6,3,128,0.1,50.0,classical_markowitz,-0.49398316399409165,-0.49398316399409165,1.0,0.0,0.0,1.0,1.0,0.0,nan,nan,0.0,0.0,1.393163809437971,1.393163809437971,0.0,"{""0"": 1}",0.0,0.0,4.291703226044774e-05,1,0.0,0.0,0.0,1.0,True,0.234375,0,"[1.0, 1.0, 0.0, 1.0, 1.0, 0.0]"
factorial,regime=baseline | n_assets=6 | mixer_type=product_x | depolarizing_strength_2q=0.001,1,baseline,6,4,fast_simulator,job,depolarizing,0.0005,0.001,0.01,auto,product_x,2,6,3,128,0.1,50.0,random,-0.4268910818252793,-0.49398316399409165,1.0,124.20521474848253,0.007948669969203404,1.0,1.0178105034636709,0.0,-0.0006432072447839735,nan,0.9703532402225198,123.23486150826001,1.393163809437971,1.4309858156276354,1.7682291666666667,"{""0"": 92, ""1"": 299, ""2"": 194, ""3"": 61, ""4"": 122}",0.0,128.0,0.0032962080440483987,6,768.0,12.001911999017466,0.0,0.0,True,0.234375,0,"[5.943287499619823, 1.826466330787892, 4.741890294510047, 0.8019958224402369]"
factorial,regime=baseline | n_assets=6 | mixer_type=product_x | depolarizing_strength_2q=0.001,1,baseline,6,4,fast_simulator,job,depolarizing,0.0005,0.001,0.01,auto,product_x,2,6,3,128,0.1,50.0,spsa,-0.44245865776877435,-0.49398316399409165,1.0,165.1515626278527,0.04922698855240939,1.0,1.1150587378319312,0.13225523079525744,-0.0006432072447839735,nan,1.2902465830300993,163.8613160448226,1.393163809437971,1.4016824212125687,1.9622395833333333,"{""0"": 112, ""1"": 162, ""2"": 245, ""3"": 141, ""4"": 108}",0.0,128.0,0.0030169590027071536,6,768.0,12.0017949580797,0.0,0.0,True,0.234375,0,"[5.219061583517742, 0.20134133931463705, 1.5074423314794636, 1.059630708933617]"
factorial,regime=baseline | n_assets=6 | mixer_type=product_x | depolarizing_strength_2q=0.001,1,baseline,6,4,fast_simulator,job,depolarizing,0.0005,0.001,0.01,auto,product_x,2,6,3,128,0.1,50.0,bayesian_optimization,-0.4580415426651684,-0.49398316399409165,1.0,27.756849087010306,0.007948669969203404,1.0,1.0178105034636709,0.0,-0.0006432072447839735,nan,0.216850383492268,27.539998703518037,1.393163809437971,1.4309858156276354,1.5690104166666667,"{""0"": 129, ""1"": 280, ""2"": 186, ""3"": 139, ""4"": 34}",0.0,128.0,0.2694232079666108,6,768.0,12.002142375102267,0.0,0.0,True,0.234375,0,"[3.458936035049703, 2.7922639376180287, 5.330245309677965, 1.490737075754312]"
factorial,regime=baseline | n_assets=6 | mixer_type=product_x | depolarizing_strength_2q=0.001,2,baseline,6,4,fast_simulator,job,depolarizing,0.0005,0.001,0.01,auto,product_x,2,6,3,128,0.1,50.0,classical_markowitz,-0.5198301787415209,-0.5198301787415209,1.0,0.0,0.0,1.0,1.0,0.0,nan,nan,0.0,0.0,2.0365805043983296,2.0365805043983296,0.0,"{""0"": 1}",0.0,0.0,4.412501584738493e-05,1,0.0,0.0,0.0,1.0,True,0.234375,0,"[0.0, 1.0, 1.0, 0.0, 1.0, 1.0]"
factorial,regime=baseline | n_assets=6 | mixer_type=product_x | depolarizing_strength_2q=0.001,2,baseline,6,4,fast_simulator,job,depolarizing,0.0005,0.001,0.01,auto,product_x,2,6,3,128,0.1,50.0,random,-0.4735453683584358,-0.5198301787415209,1.0,190.03189599708642,0.03651048975664332,1.0,1.0894110635700798,0.0,-0.000676862211903022,nan,1.4846241874772377,188.5472718096092,2.0365805043983296,1.8068809950373173,1.6393229166666667,"{""0"": 96, ""1"": 245, ""2"": 321, ""3"": 52, ""4"": 54}",0.0,128.0,0.0032836670288816094,6,768.0,12.001898209040519,0.0,0.0,True,0.234375,0,"[2.619816689582517, 1.8561909556720675, 5.805994911027577, 1.395505534619388]"
factorial,regime=baseline | n_assets=6 | mixer_type=product_x | depolarizing_strength_2q=0.001,2,baseline,6,4,fast_simulator,job,depolarizing,0.0005,0.001,0.01,auto,product_x,2,6,3,128,0.1,50.0,spsa,-0.4970543784971369,-0.5198301787415209,1.0,33.993558384190365,0.008277409856609666,1.0,1.0176053027932768,0.0,-0.000676862211903022,nan,0.2655746748764872,33.727983709313875,2.0365805043983296,2.0099042858107405,1.5703125,"{""0"": 155, ""1"": 256, ""2"": 179, ""3"": 120, ""4"": 58}",0.0,128.0,0.0032757919980213046,6,768.0,12.001838500029407,0.0,0.0,True,0.234375,0,"[2.836373209873983, 1.343806060433932, 1.2639184990905865, 0.11705664761972667]"
factorial,regime=baseline | n_assets=6 | mixer_type=product_x | depolarizing_strength_2q=0.001,2,baseline,6,4,fast_simulator,job,depolarizing,0.0005,0.001,0.01,auto,product_x,2,6,3,128,0.1,50.0,bayesian_optimization,-0.39757958968662854,-0.5198301787415209,1.0,168.41182540880496,0.0275819468142189,1.0,1.0620347529572403,0.0,-0.000676862211903022,nan,1.3157173860062887,167.0961080227987,2.0365805043983296,1.8634761119138836,1.8736979166666667,"{""0"": 74, ""1"": 246, ""2"": 224, ""3"": 151, ""4"": 73}",0.0,128.0,0.28326533298240975,6,768.0,12.002202333998866,0.0,0.0,True,0.234375,0,"[4.301382415191508, 1.19213964944725, 5.127370914276506, 0.9188249527016425]"
factorial,regime=baseline | n_assets=6 | mixer_type=product_x | depolarizing_strength_2q=0.02,1,baseline,6,4,fast_simulator,job,depolarizing,0.0005,0.02,0.01,auto,product_x,2,6,3,128,0.1,50.0,classical_markowitz,-0.49398316399409165,-0.49398316399409165,1.0,0.0,0.0,1.0,1.0,0.0,nan,nan,0.0,0.0,1.393163809437971,1.393163809437971,0.0,"{""0"": 1}",0.0,0.0,4.1665975004434586e-05,1,0.0,0.0,0.0,1.0,True,0.234375,0,"[1.0, 1.0, 0.0, 1.0, 1.0, 0.0]"
factorial,regime=baseline | n_assets=6 | mixer_type=product_x | depolarizing_strength_2q=0.02,1,baseline,6,4,fast_simulator,job,depolarizing,0.0005,0.02,0.01,auto,product_x,2,6,3,128,0.1,50.0,random,-0.45810514482339093,-0.49398316399409165,1.0,0.0008608469348503114,0.02384600990761021,1.0,1.0534315103910126,0.07153802972283063,-0.0006432072447839735,nan,6.725366678518058e-06,0.0008541215681717933,1.393163809437971,1.5066298280069639,1.3763020833333333,"{""0"": 171, ""1"": 305, ""2"": 163, ""3"": 90, ""4"": 39}",0.0,128.0,0.0037657920038327575,6,768.0,12.002046124951448,0.0,0.0,True,0.234375,0,"[4.195966224299624, 2.0671305138117, 4.215760665456154, 2.115537640006941]"
factorial,regime=baseline | n_assets=6 | mixer_type=product_x | depolarizing_strength_2q=0.02,1,baseline,6,4,fast_simulator,job,depolarizing,0.0005,0.02,0.01,auto,product_x,2,6,3,128,0.1,50.0,spsa,-0.4303376604546425,-0.49398316399409165,1.0,41.21843554858983,0.02524750222136986,1.0,1.0569741527966354,0.02384600990761021,-0.0006432072447839735,nan,0.32201902772335805,40.896416520866474,1.393163809437971,1.4623598250693386,1.7096354166666667,"{""0"": 108, ""1"": 238, ""2"": 234, ""3"": 145, ""4"": 43}",0.0,128.0,0.003394707979168743,6,768.0,12.001847415056545,0.0,0.0,True,0.234375,0,"[5.145698665316703, 0.31445571840096515, 1.3943279523931353, 1.1727450880199453]"
factorial,regime=baseline | n_assets=6 | mixer_type=product_x | depolarizing_strength_2q=0.02,1,baseline,6,4,fast_simulator,job,depolarizing,0.0005,0.02,0.01,auto,product_x,2,6,3,128,0.1,50.0,bayesian_optimization,-0.4556028834639686,-0.49398316399409165,1.0,0.0011224858288355437,0.0,1.0,1.0,0.0,-0.0006432072447839735,nan,8.769420537777685e-06,0.0011137164082977659,1.393163809437971,1.393163809437971,1.2369791666666667,"{""0"": 200, ""1"": 302, ""2"": 170, ""3"": 76, ""4"": 20}",0.0,128.0,0.2528326250030659,6,768.0,12.002262791851535,0.0,0.0,True,0.234375,0,"[3.912536842008076, 2.767837150070354, 5.117815775681078, 1.8388127617292926]"
factorial,regime=baseline | n_assets=6 | mixer_type=product_x | depolarizing_strength_2q=0.02,2,baseline,6,4,fast_simulator,job,depolarizing,0.0005,0.02,0.01,auto,product_x,2,6,3,128,0.1,50.0,classical_markowitz,-0.5198301787415209,-0.5198301787415209,1.0,0.0,0.0,1.0,1.0,0.0,nan,nan,0.0,0.0,2.0365805043983296,2.0365805043983296,0.0,"{""0"": 1}",0.0,0.0,4.312500823289156e-05,1,0.0,0.0,0.0,1.0,True,0.234375,0,"[0.0, 1.0, 1.0, 0.0, 1.0, 1.0]"
factorial,regime=baseline | n_assets=6 | mixer_type=product_x | depolarizing_strength_2q=0.02,2,baseline,6,4,fast_simulator,job,depolarizing,0.0005,0.02,0.01,auto,product_x,2,6,3,128,0.1,50.0,random,-0.484552855518384,-0.5198301787415209,1.0,0.0017342935502829004,0.0,1.0,1.0,0.0,-0.000676862211903022,nan,1.354916836158516e-05,0.0017207443819213153,2.0365805043983296,2.0365805043983296,1.3372395833333333,"{""0"": 157, ""1"": 320, ""2"": 190, ""3"": 77, ""4"": 24}",0.0,128.0,0.0035050000296905637,6,768.0,12.001903417927679,0.0,0.0,True,0.234375,0,"[0.09251774073745578, 1.205740576700473, 4.13913207256195, 2.3592983817699484]"
factorial,regime=baseline | n_assets=6 | mixer_type=product_x | depolarizing_strength_2q=0.02,2,baseline,6,4,fast_simulator,job,depolarizing,0.0005,0.02,0.01,auto,product_x,2,6,3,128,0.1,50.0,spsa,-0.48470184208247585,-0.5198301787415209,1.0,34.05918646727506,0.0032198618692161896,1.0,1.0064331489633573,0.009659585607648569,-0.000676862211903022,nan,0.2660873942755864,33.793099072999475,2.0365805043983296,1.9922493935384864,1.4609375,"{""0"": 145, ""1"": 291, ""2"": 199, ""3"": 99, ""4"": 34}",0.0,128.0,0.0034091249690391123,6,768.0,12.001854167960119,0.0,0.0,True,0.234375,0,"[2.723258830787655, 1.2704431422328937, 1.3770328781769148, 0.04369372941868832]"
factorial,regime=baseline | n_assets=6 | mixer_type=product_x | depolarizing_strength_2q=0.02,2,baseline,6,4,fast_simulator,job,depolarizing,0.0005,0.02,0.01,auto,product_x,2,6,3,128,0.1,50.0,bayesian_optimization,-0.46774832881131273,-0.5198301787415209,1.0,0.0030655434095065485,0.011497271725825856,1.0,1.0240384517566339,0.028978756822945706,-0.000676862211903022,nan,2.394955788676991e-05,0.0030415938516197786,2.0365805043983296,1.9655731749508971,1.4440104166666667,"{""0"": 137, ""1"": 304, ""2"": 204, ""3"": 95, ""4"": 28}",0.0,128.0,0.2408512500114739,6,768.0,12.002196831919719,0.0,0.0,True,0.234375,0,"[0.7685375507462071, 0.0736059930607953, 5.494828622132598, 0.8951422025054636]"
factorial,regime=baseline | n_assets=12 | mixer_type=xy | depolarizing_strength_2q=0.001,1,baseline,12,4,fast_simulator,job,depolarizing,0.0005,0.001,0.01,auto,xy,2,6,3,128,0.1,50.0,classical_markowitz,-0.5491875142968239,-0.5491875142968239,1.0,0.0,0.0,1.0,1.0,0.0,nan,nan,0.0,0.0,1.5535389959810806,1.5535389959810806,0.0,"{""0"": 1}",0.0,0.0,0.001141292043030262,1,0.0,0.0,0.0,1.0,True,0.120849609375,0,"[1.0, 0.0, 0.0, 1.0, 0.0, 0.0, 1.0, 0.0, 0.0, 0.0, 1.0, 0.0]"
factorial,regime=baseline | n_assets=12 | mixer_type=xy | depolarizing_strength_2q=0.001,1,baseline,12,4,fast_simulator,job,depolarizing,0.0005,0.001,0.01,auto,xy,2,6,3,128,0.1,50.0,random,-0.46480018858650507,-0.5491875142968239,1.0,0.0015839087679857717,0.031237776022005236,1.0,1.063259025833955,0.10208159245683818,-0.0007150879092406561,nan,1.2374287249888842e-05,0.0015715344807358828,1.5535389959810806,1.467416953914081,0.3958333333333333,"{""0"": 505, ""1"": 224, ""2"": 37, ""3"": 2}",0.0,128.0,0.01089987502200529,6,768.0,12.00626133295009,0.0,0.0,True,0.120849609375,0,"[4.970415590698755, 1.0225027126977042, 4.12215393028766, 0.2194367848061555]"
factorial,regime=baseline | n_assets=12 | mixer_type=xy | depolarizing_strength_2q=0.001,1,baseline,12,4,fast_simulator,job,depolarizing,0.0005,0.001,0.01,auto,xy,2,6,3,128,0.1,50.0,spsa,-0.46183064576610516,-0.5491875142968239,1.0,0.0015552267485369013,0.0595534141518661,1.0,1.1378597259762415,0.08524779241886982,-0.0007150879092406561,nan,1.2150208972944542e-05,0.0015430765395639567,1.5535389959810806,1.3536008027875586,0.4127604166666667,"{""0"": 495, ""1"": 229, ""2"": 44}",0.0,128.0,0.010578207962680608,6,768.0,12.006238664966077,0.0,0.0,True,0.120849609375,0,"[2.225544892697188, 1.7818330588033682, 4.450245146815671, 3.1067935565553357]"
factorial,regime=baseline | n_assets=12 | mixer_type=xy | depolarizing_strength_2q=0.001,1,baseline,12,4,fast_simulator,job,depolarizing,0.0005,0.001,0.01,auto,xy,2,6,3,128,0.1,50.0,bayesian_optimization,-0.5157482649451525,-0.5491875142968239,1.0,0.0008814641874325865,0.01315060562230914,1.0,1.027000589581909,0.03444441764362324,-0.0007150879092406561,nan,6.886438964317082e-06,0.0008745777484682693,1.5535389959810806,1.5373452675988766,0.4192708333333333,"{""0"": 483, ""1"": 253, ""2"": 27, ""3"": 5}",0.0,128.0,0.3362798339803703,6,768.0,12.006139540986624,0.0,0.0,True,0.120849609375,0,"[2.900925466096027, 0.0, 5.977050409517742, 1.3558352621774266]"
factorial,regime=baseline | n_assets=12 | mixer_type=xy | depolarizing_strength_2q=0.001,2,baseline,12,4,fast_simulator,job,depolarizing,0.0005,0.001,0.01,auto,xy,2,6,3,128,0.1,50.0,classical_markowitz,-0.4281029169578582,-0.4281029169578582,1.0,0.0,0.0,1.0,1.0,0.0,nan,nan,0.0,0.0,1.4407744348663591,1.4407744348663591,0.0,"{""0"": 1}",0.0,0.0,0.0012363750138320029,1,0.0,0.0,0.0,1.0,True,0.120849609375,0,"[0.0, 0.0, 0.0, 0.0, 0.0, 1.0, 0.0, 1.0, 0.0, 1.0, 1.0, 0.0]"
factorial,regime=baseline | n_assets=12 | mixer_type=xy | depolarizing_strength_2q=0.001,2,baseline,12,4,fast_simulator,job,depolarizing,0.0005,0.001,0.01,auto,xy,2,6,3,128,0.1,50.0,random,-0.37433667900277234,-0.42548699075388113,1.0,0.0005914882860523102,0.018689890335254828,1.0061480756423178,1.0475118117713302,0.01307963101988524,-0.0005540195192107828,nan,4.621002234783674e-06,0.0005868672838175266,1.1589308847079078,1.1615388380362202,0.37890625,"{""0"": 514, ""1"": 222, ""2"": 27, ""3"": 5}",0.0,128.0,0.011227416980545968,6,768.0,12.006582083005924,0.0,0.0,True,0.120849609375,0,"[4.830044579288196, 0.9169473018122039, 0.5313804124257275, 1.439968696442345]"
factorial,regime=baseline | n_assets=12 | mixer_type=xy | depolarizing_strength_2q=0.001,2,baseline,12,4,fast_simulator,job,depolarizing,0.0005,0.001,0.01,auto,xy,2,6,3,128,0.1,50.0,spsa,-0.38424902217363127,-0.42548699075388113,1.0,0.0005392302510612892,0.020484896945020314,1.0061480756423178,1.052064648531869,0.023657513049162943,-0.0005540195192107828,nan,4.212736336416322e-06,0.0005350175147248729,1.1589308847079078,1.1514467783284383,0.3932291666666667,"{""0"": 499, ""1"": 240, ""2"": 25, ""3"": 4}",0.0,128.0,0.010254541994072497,6,768.0,12.00584150000941,0.0,0.0,True,0.120849609375,0,"[5.255344914122401, 0.3025928144660422, 0.8636603293480001, 2.642295421310024]"
factorial,regime=baseline | n_assets=12 | mixer_type=xy | depolarizing_strength_2q=0.001,2,baseline,12,4,fast_simulator,job,depolarizing,0.0005,0.001,0.01,auto,xy,2,6,3,128,0.1,50.0,bayesian_optimization,-0.37284742003451693,-0.42548699075388113,1.0,0.0009259052729241763,0.03673120504399405,1.0061480756423178,1.1032427784513381,0.02839243742563574,-0.0005540195192107828,nan,7.233634944720127e-06,0.0009186716379794563,1.1589308847079078,1.097144136638556,0.4036458333333333,"{""0"": 487, ""1"": 253, ""2"": 27, ""3"": 1}",0.0,128.0,0.3133418749785051,6,768.0,12.006310915981885,0.0,0.0,True,0.120849609375,0,"[4.301382415191508, 1.19213964944725, 5.127370914276506, 0.9188249527016425]"
factorial,regime=baseline | n_assets=12 | mixer_type=xy | depolarizing_strength_2q=0.02,1,baseline,12,4,fast_simulator,job,depolarizing,0.0005,0.02,0.01,auto,xy,2,6,3,128,0.1,50.0,classical_markowitz,-0.5491875142968239,-0.5491875142968239,1.0,0.0,0.0,1.0,1.0,0.0,nan,nan,0.0,0.0,1.5535389959810806,1.5535389959810806,0.0,"{""0"": 1}",0.0,0.0,0.001215500000398606,1,0.0,0.0,0.0,1.0,True,0.120849609375,0,"[1.0, 0.0, 0.0, 1.0, 0.0, 0.0, 1.0, 0.0, 0.0, 0.0, 1.0, 0.0]"
factorial,regime=baseline | n_assets=12 | mixer_type=xy | depolarizing_strength_2q=0.02,1,baseline,12,4,fast_simulator,job,depolarizing,0.0005,0.02,0.01,auto,xy,2,6,3,128,0.1,50.0,random,-0.3921456413620934,-0.5231002360865626,1.0,0.0064867608148366646,0.09642969435654362,1.0498705150764724,1.231423985374895,0.2969611438236045,-0.0006811200990710451,nan,5.067781886591144e-05,0.006436082995970753,1.5219190247231507,1.2482535563425812,2.046875,"{""0"": 97, ""1"": 231, ""2"": 184, ""3"": 126, ""4"": 71, ""5"": 46, ""6"": 10, ""7"": 3}",0.0,128.0,0.010228958039078861,6,768.0,12.00631716591306,0.0,0.0,True,0.120849609375,0,"[4.970415590698755, 1.0225027126977042, 4.12215393028766, 0.2194367848061555]"
factorial,regime=baseline | n_assets=12 | mixer_type=xy | depolarizing_strength_2q=0.02,1,baseline,12,4,fast_simulator,job,depolarizing,0.0005,0.02,0.01,auto,xy,2,6,3,128,0.1,50.0,spsa,-0.3471913585568105,-0.5112445405552966,1.0,0.007837652220871698,0.07883294613666504,1.0742168780918715,1.1754625132689762,0.3070795409233038,-0.0006656829955147091,nan,6.123165797556014e-05,0.007776420562896139,1.4811184717670849,1.3891336043042362,2.1458333333333335,"{""0"": 95, ""1"": 194, ""2"": 189, ""3"": 148, ""4"": 93, ""5"": 38, ""6"": 7, ""7"": 4}",0.0,128.0,0.01041483401786536,6,768.0,12.006212834035978,0.0,0.0,True,0.120849609375,0,"[1.8498075811135863, 1.6580783542861965, 4.573999851332843, 0.08895560748271436]"
factorial,regime=baseline | n_assets=12 | mixer_type=xy | depolarizing_strength_2q=0.02,1,baseline,12,4,fast_simulator,job,depolarizing,0.0005,0.02,0.01,auto,xy,2,6,3,128,0.1,50.0,bayesian_optimization,-0.3464515019900256,-0.4755471687541296,1.0,0.006918202673019115,0.12400767945411502,1.154853924870633,1.2958082732306235,0.3999334449713543,-0.0006192020426486062,nan,5.404845838296184e-05,0.006864154214636153,1.1544020526903593,1.1392183957735031,2.0533854166666665,"{""0"": 102, ""1"": 207, ""2"": 194, ""3"": 143, ""4"": 76, ""5"": 33, ""6"": 8, ""7"": 4, ""8"": 1}",0.0,128.0,0.26908454101067036,6,768.0,12.006370625924319,0.0,0.0,True,0.120849609375,0,"[3.51040388260426, 0.0, 0.0, 1.8024108203996558]"
factorial,regime=baseline | n_assets=12 | mixer_type=xy | depolarizing_strength_2q=0.02,2,baseline,12,4,fast_simulator,job,depolarizing,0.0005,0.02,0.01,auto,xy,2,6,3,128,0.1,50.0,classical_markowitz,-0.4281029169578582,-0.4281029169578582,1.0,0.0,0.0,1.0,1.0,0.0,nan,nan,0.0,0.0,1.4407744348663591,1.4407744348663591,0.0,"{""0"": 1}",0.0,0.0,0.0011655839625746012,1,0.0,0.0,0.0,1.0,True,0.120849609375,0,"[0.0, 0.0, 0.0, 0.0, 0.0, 1.0, 0.0, 1.0, 0.0, 1.0, 1.0, 0.0]"
factorial,regime=baseline | n_assets=12 | mixer_type=xy | depolarizing_strength_2q=0.02,2,baseline,12,4,fast_simulator,job,depolarizing,0.0005,0.02,0.01,auto,xy,2,6,3,128,0.1,50.0,random,-0.30638419464854516,-0.37682286327253045,1.0,15.373868275787487,0.06086188058174694,1.1360853034234293,1.16646969547661,0.2615872740353839,-0.0004906547698861073,nan,0.12010834590458974,15.253759929882898,1.1786727965099737,1.1315700106980549,1.9609375,"{""0"": 111, ""1"": 227, ""2"": 183, ""3"": 125, ""4"": 83, ""5"": 30, ""6"": 7, ""7"": 2}",0.0,128.0,0.00949462503194809,6,768.0,12.005755916005,0.0,0.0,True,0.120849609375,0,"[5.825752960765401, 1.472256742882289, 3.1363248259718683, 1.6490114834107583]"
factorial,regime=baseline | n_assets=12 | mixer_type=xy | depolarizing_strength_2q=0.02,2,baseline,12,4,fast_simulator,job,depolarizing,0.0005,0.02,0.01,auto,xy,2,6,3,128,0.1,50.0,spsa,-0.30201057515761975,-0.37682286327253045,1.0,0.004695163330943548,0.08040678110711538,1.1360853034234293,1.2373645388840664,0.2893667858116384,-0.0004906547698861073,nan,3.668096352299647e-05,0.004658482367420552,1.1786727965099737,1.0915525622800486,2.04296875,"{""0"": 116, ""1"": 181, ""2"": 200, ""3"": 144, ""4"": 86, ""5"": 35, ""6"": 5, ""7"": 1}",0.0,128.0,0.009326917002908885,6,768.0,12.005635876092128,0.0,0.0,True,0.120849609375,0,"[5.17114633917542, 0.38679138941302216, 0.9584566922723728, 2.6867425353717143]"
factorial,regime=baseline | n_assets=12 | mixer_type=xy | depolarizing_strength_2q=0.02,2,baseline,12,4,fast_simulator,job,depolarizing,0.0005,0.02,0.01,auto,xy,2,6,3,128,0.1,50.0,bayesian_optimization,-0.30012013798098575,-0.41361822351194616,1.0,0.005451271297977531,0.04056474799636491,1.035019475986637,1.107169548929928,0.09408941296919715,-0.0005385653951978465,nan,4.258805701544946e-05,0.005408683240962081,1.1991550524993997,1.1050057740044443,1.9986979166666667,"{""0"": 105, ""1"": 222, ""2"": 183, ""3"": 139, ""4"": 74, ""5"": 37, ""6"": 7, ""7"": 1}",0.0,128.0,0.3172439580084756,6,768.0,12.006153207970783,0.0,0.0,True,0.120849609375,0,"[5.654706390211527, 2.271591345905881, 2.048480048311418, 0.0]"
factorial,regime=baseline | n_assets=12 | mixer_type=product_x | depolarizing_strength_2q=0.001,1,baseline,12,4,fast_simulator,job,depolarizing,0.0005,0.001,0.01,auto,product_x,2,6,3,128,0.1,50.0,classical_markowitz,-0.5491875142968239,-0.5491875142968239,1.0,0.0,0.0,1.0,1.0,0.0,nan,nan,0.0,0.0,1.5535389959810806,1.5535389959810806,0.0,"{""0"": 1}",0.0,0.0,0.0011849160073325038,1,0.0,0.0,0.0,1.0,True,0.120849609375,0,"[1.0, 0.0, 0.0, 1.0, 0.0, 0.0, 1.0, 0.0, 0.0, 0.0, 1.0, 0.0]"
factorial,regime=baseline | n_assets=12 | mixer_type=product_x | depolarizing_strength_2q=0.001,1,baseline,12,4,fast_simulator,job,depolarizing,0.0005,0.001,0.01,auto,product_x,2,6,3,128,0.1,50.0,random,-0.31675603012284465,-0.5081245594840735,1.0,78.88422832736863,0.08604898873479165,1.0808127732586745,1.1947133885024817,0.3137315773732608,-0.000661620520161554,nan,0.6162830338075674,78.26794529356107,1.5735141198484832,1.3516941136198433,3.3020833333333335,"{""0"": 83, ""1"": 115, ""2"": 127, ""3"": 132, ""4"": 92, ""5"": 67, ""6"": 51, ""7"": 46, ""8"": 55}",0.0,128.0,0.010031000012531877,6,768.0,12.006832751038019,0.0,0.0,True,0.120849609375,0,"[4.76238189803916, 0.08138443635722094, 4.2359394965108725, 0.32757800899359063]"
factorial,regime=baseline | n_assets=12 | mixer_type=product_x | depolarizing_strength_2q=0.001,1,baseline,12,4,fast_simulator,job,depolarizing,0.0005,0.001,0.01,auto,product_x,2,6,3,128,0.1,50.0,spsa,-0.39020195993854884,-0.5112445405552966,1.0,0.002896684370105427,0.09496195467694164,1.0742168780918715,1.223153929067666,0.20220685412794986,-0.0006656829955147091,nan,2.2630346641448647e-05,0.002874054023463978,1.4811184717670849,1.2495765047816265,1.94921875,"{""0"": 149, ""1"": 248, ""2"": 146, ""3"": 89, ""4"": 62, ""5"": 24, ""6"": 29, ""7"": 20, ""8"": 1}",0.0,128.0,0.010346249968279153,6,768.0,12.006723124010023,0.0,0.0,True,0.120849609375,0,"[2.196533417515663, 1.6318495961135406, 4.6002286095055, 0.11518436565537053]"
factorial,regime=baseline | n_assets=12 | mixer_type=product_x | depolarizing_strength_2q=0.001,1,baseline,12,4,fast_simulator,job,depolarizing,0.0005,0.001,0.01,auto,product_x,2,6,3,128,0.1,50.0,bayesian_optimization,-0.3666994339028538,-0.4624954833156594,1.0,30.177617182327964,0.11114988333617866,1.187444059690408,1.2585427333778474,0.43585780527014595,-0.0006022076605672648,nan,0.23576263423693722,29.941854548091026,1.605165468311067,1.3548431574249513,2.6653645833333335,"{""0"": 92, ""1"": 138, ""2"": 151, ""3"": 161, ""4"": 95, ""5"": 73, ""6"": 38, ""7"": 9, ""8"": 11}",0.0,128.0,0.2223896670038812,6,768.0,12.007253290968947,0.0,0.0,True,0.120849609375,0,"[3.809106958595704, 1.0471975511965976, 0.0, 2.1250633474474756]"
factorial,regime=baseline | n_assets=12 | mixer_type=product_x | depolarizing_strength_2q=0.001,2,baseline,12,4,fast_simulator,job,depolarizing,0.0005,0.001,0.01,auto,product_x,2,6,3,128,0.1,50.0,classical_markowitz,-0.4281029169578582,-0.4281029169578582,1.0,0.0,0.0,1.0,1.0,0.0,nan,nan,0.0,0.0,1.4407744348663591,1.4407744348663591,0.0,"{""0"": 1}",0.0,0.0,0.0012057090061716735,1,0.0,0.0,0.0,1.0,True,0.120849609375,0,"[0.0, 0.0, 0.0, 0.0, 0.0, 1.0, 0.0, 1.0, 0.0, 1.0, 1.0, 0.0]"
factorial,regime=baseline | n_assets=12 | mixer_type=product_x | depolarizing_strength_2q=0.001,2,baseline,12,4,fast_simulator,job,depolarizing,0.0005,0.001,0.01,auto,product_x,2,6,3,128,0.1,50.0,random,-0.28200247948919027,-0.41361822351194616,1.0,62.27679241151378,0.05530342224010339,1.035019475986637,1.154196852586376,0.1734896468553155,-0.0005385653951978465,nan,0.4865374407149514,61.79025497079883,1.1991550524993997,1.0828589667861388,3.0026041666666665,"{""0"": 84, ""1"": 149, ""2"": 116, ""3"": 145, ""4"": 111, ""5"": 48, ""6"": 30, ""7"": 54, ""8"": 31}",0.0,128.0,0.009955790999811143,6,768.0,12.006728959036991,0.0,0.0,True,0.120849609375,0,"[1.4332987660171759, 0.41408768251720346, 4.576133037428563, 1.3055646024290795]"
factorial,regime=baseline | n_assets=12 | mixer_type=product_x | depolarizing_strength_2q=0.001,2,baseline,12,4,fast_simulator,job,depolarizing,0.0005,0.001,0.01,auto,product_x,2,6,3,128,0.1,50.0,spsa,-0.3317230693005619,-0.4281029169578582,1.0,31.84960409883143,0.06257487643684809,1.0,1.2004002484919398,0.0,-0.0005574256731222111,nan,0.24882503202212056,31.60077906680931,1.4407744348663591,1.112008303166163,2.5846354166666665,"{""0"": 119, ""1"": 174, ""2"": 170, ""3"": 78, ""4"": 72, ""5"": 64, ""6"": 33, ""7"": 33, ""8"": 25}",0.0,128.0,0.010150292015168816,6,768.0,12.006599542044569,0.0,0.0,True,0.120849609375,0,"[5.444509257376458, 0.11342847121198368, 1.2318196104734112, 2.7736281562853864]"
factorial,regime=baseline | n_assets=12 | mixer_type=product_x | depolarizing_strength_2q=0.001,2,baseline,12,4,fast_simulator,job,depolarizing,0.0005,0.001,0.01,auto,product_x,2,6,3,128,0.1,50.0,bayesian_optimization,-0.3067160546298794,-0.4281029169578582,1.0,85.57804925124942,0.08149198548860578,1.0,1.283630386425182,0.032731827128784335,-0.0005574256731222111,nan,0.6685785097753861,84.90947074147405,1.4407744348663591,1.0752810429342445,2.8385416666666665,"{""0"": 98, ""1"": 135, ""2"": 136, ""3"": 142, ""4"": 103, ""5"": 56, ""6"": 45, ""7"": 39, ""8"": 14}",0.0,128.0,0.374172208015807,6,768.0,12.007244208070915,0.0,0.0,True,0.120849609375,0,"[4.270480414429615, 0.921854930097125, 3.1648652881151995, 2.400341891225567]"
factorial,regime=baseline | n_assets=12 | mixer_type=product_x | depolarizing_strength_2q=0.02,1,baseline,12,4,fast_simulator,job,depolarizing,0.0005,0.02,0.01,auto,product_x,2,6,3,128,0.1,50.0,classical_markowitz,-0.5491875142968239,-0.5491875142968239,1.0,0.0,0.0,1.0,1.0,0.0,nan,nan,0.0,0.0,1.5535389959810806,1.5535389959810806,0.0,"{""0"": 1}",0.0,0.0,0.0011825829860754311,1,0.0,0.0,0.0,1.0,True,0.120849609375,0,"[1.0, 0.0, 0.0, 1.0, 0.0, 0.0, 1.0, 0.0, 0.0, 0.0, 1.0, 0.0]"
factorial,regime=baseline | n_assets=12 | mixer_type=product_x | depolarizing_strength_2q=0.02,1,baseline,12,4,fast_simulator,job,depolarizing,0.0005,0.02,0.01,auto,product_x,2,6,3,128,0.1,50.0,random,-0.39027477108793124,-0.5391727158502155,1.0,41.23888855989019,0.08252974398211153,1.0185743791408586,1.1866919184522977,0.050073992233041764,-0.0007020478070966348,nan,0.3221788168741421,40.91670974301605,1.6478915087053634,1.3372938115778787,2.2591145833333335,"{""0"": 87, ""1"": 184, ""2"": 178, ""3"": 161, ""4"": 95, ""5"": 49, ""6"": 11, ""7"": 3}",0.0,128.0,0.010627084004227072,6,768.0,12.006931959127542,0.0,0.0,True,0.120849609375,0,"[2.4673938437965854, 3.058978138249004, 0.38004615973891687, 0.05158413206007226]"
factorial,regime=baseline | n_assets=12 | mixer_type=product_x | depolarizing_strength_2q=0.02,1,baseline,12,4,fast_simulator,job,depolarizing,0.0005,0.02,0.01,auto,product_x,2,6,3,128,0.1,50.0,spsa,-0.37258177839959805,-0.5029165502750877,1.0,35.43416326333551,0.12968284574426528,1.0920052521564991,1.3537265729869343,0.2313548201086807,-0.0006548392581706871,nan,0.2768294004948087,35.15733386284071,1.2334916737234063,1.1690372574644974,2.1979166666666665,"{""0"": 96, ""1"": 182, ""2"": 193, ""3"": 137, ""4"": 107, ""5"": 39, ""6"": 12, ""7"": 2}",0.0,128.0,0.010667124995961785,6,768.0,12.00692787609296,0.0,0.0,True,0.120849609375,0,"[2.2186957426530616, 1.7886822088474947, 4.443395996771545, 3.0999444065112094]"
factorial,regime=baseline | n_assets=12 | mixer_type=product_x | depolarizing_strength_2q=0.02,1,baseline,12,4,fast_simulator,job,depolarizing,0.0005,0.02,0.01,auto,product_x,2,6,3,128,0.1,50.0,bayesian_optimization,-0.34028030654720115,-0.5037391428433876,1.0,8.348114736632583,0.09295899460485779,1.0902220367408815,1.2089607609705342,0.2946721960297461,-0.0006559103422439943,nan,0.06521964637994206,8.28289509025264,1.517657392696584,1.3017831901549297,2.19921875,"{""0"": 92, ""1"": 191, ""2"": 186, ""3"": 149, ""4"": 93, ""5"": 39, ""6"": 14, ""7"": 4}",0.0,128.0,0.201251125021372,6,768.0,12.007281791884452,0.0,0.0,True,0.120849609375,0,"[3.458936035049703, 0.8698227076290364, 5.330245309677965, 2.804783925756868]"
factorial,regime=baseline | n_assets=12 | mixer_type=product_x | depolarizing_strength_2q=0.02,2,baseline,12,4,fast_simulator,job,depolarizing,0.0005,0.02,0.01,auto,product_x,2,6,3,128,0.1,50.0,classical_markowitz,-0.4281029169578582,-0.4281029169578582,1.0,0.0,0.0,1.0,1.0,0.0,nan,nan,0.0,0.0,1.4407744348663591,1.4407744348663591,0.0,"{""0"": 1}",0.0,0.0,0.0011834169854409993,1,0.0,0.0,0.0,1.0,True,0.120849609375,0,"[0.0, 0.0, 0.0, 0.0, 0.0, 1.0, 0.0, 1.0, 0.0, 1.0, 1.0, 0.0]"
factorial,regime=baseline | n_assets=12 | mixer_type=product_x | depolarizing_strength_2q=0.02,2,baseline,12,4,fast_simulator,job,depolarizing,0.0005,0.02,0.01,auto,product_x,2,6,3,128,0.1,50.0,random,-0.26593713813948705,-0.3909382408248527,1.0,70.91739544063475,0.06830880989799198,1.0950653383373052,1.2027340131604012,0.26520862787856914,-0.0005090341677406936,nan,0.554042151879959,70.3633532887548,1.154966539831854,1.1245490739289248,2.2135416666666665,"{""0"": 78, ""1"": 193, ""2"": 202, ""3"": 150, ""4"": 89, ""5"": 40, ""6"": 15, ""7"": 1}",0.0,128.0,0.010540124960243702,6,768.0,12.006837415974587,0.0,0.0,True,0.120849609375,0,"[5.825752960765401, 1.472256742882289, 3.1363248259718683, 1.6490114834107583]"
factorial,regime=baseline | n_assets=12 | mixer_type=product_x | depolarizing_strength_2q=0.02,2,baseline,12,4,fast_simulator,job,depolarizing,0.0005,0.02,0.01,auto,product_x,2,6,3,128,0.1,50.0,spsa,-0.23400111552979158,-0.39662565892074203,1.0,64.08534938654039,0.08669599456658716,1.079362636604926,1.2641370026184682,0.15738629018558076,-0.0005164396600530495,nan,0.5006667920823468,63.58468259445804,1.088048453904568,0.9828209221326905,2.16015625,"{""0"": 74, ""1"": 216, ""2"": 184, ""3"": 157, ""4"": 92, ""5"": 35, ""6"": 9, ""7"": 1}",0.0,128.0,0.01035045797470957,6,768.0,12.00675816705916,0.0,0.0,True,0.120849609375,0,"[5.444509257376458, 0.11342847121198368, 1.2318196104734112, 2.7736281562853864]"
factorial,regime=baseline | n_assets=12 | mixer_type=product_x | depolarizing_strength_2q=0.02,2,baseline,12,4,fast_simulator,job,depolarizing,0.0005,0.02,0.01,auto,product_x,2,6,3,128,0.1,50.0,bayesian_optimization,-0.25529940722732525,-0.42548699075388113,1.0,7.467341481924738,0.06069523573155274,1.0061480756423178,1.209163232439172,0.01307963101988524,-0.0005540195192107828,nan,0.05833860532753701,7.4090028765972,1.1589308847079078,1.0233575862020097,2.1393229166666665,"{""0"": 93, ""1"": 206, ""2"": 191, ""3"": 128, ""4"": 94, ""5"": 45, ""6"": 7, ""7"": 4}",0.0,128.0,0.18796437501441687,6,768.0,12.007435082981829,0.0,0.0,True,0.120849609375,0,"[1.315792233264131, 1.1076549437042762, 1.7683356225443683, 0.0]"
factorial,regime=hard_budget | n_assets=6 | mixer_type=xy | depolarizing_strength_2q=0.001,1,hard_budget,6,4,fast_simulator,job,depolarizing,0.0005,0.001,0.01,auto,xy,2,6,3,128,0.1,50.0,classical_markowitz,-0.45808483385641985,-0.45808483385641985,1.0,0.0,0.0,1.0,1.0,0.0,nan,nan,0.0,0.0,4.489602407867099,4.489602407867099,0.0,"{""0"": 1}",0.0,0.0,4.270905628800392e-05,1,0.0,0.0,0.0,1.0,True,0.234375,0,"[1.0, 1.0, 0.0, 1.0, 0.0, 1.0]"
factorial,regime=hard_budget | n_assets=6 | mixer_type=xy | depolarizing_strength_2q=0.001,1,hard_budget,6,4,fast_simulator,job,depolarizing,0.0005,0.001,0.01,auto,xy,2,6,3,128,0.1,50.0,random,-0.4577629165177444,-0.45808483385641985,1.0,9.857424475151477e-07,0.0,1.0,1.0,0.0,-0.0005964646274172133,nan,7.701112871212092e-09,9.780413346439356e-07,4.489602407867099,4.489602407867099,0.16015625,"{""0"": 647, ""1"": 119, ""2"": 2}",0.0,128.0,0.0029779159813188016,6,768.0,12.001846249972004,0.0,0.0,True,0.234375,0,"[6.070552558348777, 1.4155145634066013, 2.4132972624589346, 2.829379374454144]"
factorial,regime=hard_budget | n_assets=6 | mixer_type=xy | depolarizing_strength_2q=0.001,1,hard_budget,6,4,fast_simulator,job,depolarizing,0.0005,0.001,0.01,auto,xy,2,6,3,128,0.1,50.0,spsa,-0.45759348633949415,-0.45808483385641985,1.0,1.1430478844415282e-06,0.0006143387871881215,1.0,1.0013474455402753,0.0013008397911635772,-0.0005964646274172133,nan,8.930061597199439e-09,1.1341178228443287e-06,4.489602407867099,4.455740469608332,0.16145833333333334,"{""0"": 649, ""1"": 114, ""2"": 5}",0.0,128.0,0.002806040982250124,6,768.0,12.00174087495543,0.0,0.0,True,0.234375,0,"[4.117502134309149, 0.23192545163380204, 1.234825516207437, 0.27582232741446433]"
factorial,regime=hard_budget | n_assets=6 | mixer_type=xy | depolarizing_strength_2q=0.001,1,hard_budget,6,4,fast_simulator,job,depolarizing,0.0005,0.001,0.01,auto,xy,2,6,3,128,0.1,50.0,bayesian_optimization,-0.4577629165177444,-0.45808483385641985,1.0,5.852655439268309e-07,0.0004336132637211924,1.0,1.0009519852922162,0.0,-0.0005964646274172133,nan,4.572387061928367e-09,5.806931568649026e-07,4.489602407867099,4.453903017612323,0.16927083333333334,"{""0"": 640, ""1"": 126, ""2"": 2}",0.0,128.0,0.26171266700839624,6,768.0,12.002095375093631,0.0,0.0,True,0.234375,0,"[5.5590842656475905, 0.47659163746326566, 0.12169090352030172, 1.8861323418056508]"
factorial,regime=hard_budget | n_assets=6 | mixer_type=xy | depolarizing_strength_2q=0.001,2,hard_budget,6,4,fast_simulator,job,depolarizing,0.0005,0.001,0.01,auto,xy,2,6,3,128,0.1,50.0,classical_markowitz,-0.3797794900595858,-0.3797794900595858,1.0,0.0,0.0,1.0,1.0,0.0,nan,nan,0.0,0.0,3.684345586960668,3.684345586960668,0.0,"{""0"": 1}",0.0,0.0,4.633300704881549e-05,1,0.0,0.0,0.0,0.3333333333333333,True,0.234375,0,"[0.0, 0.0, 1.0, 1.0, 1.0, 1.0]"
factorial,regime=hard_budget | n_assets=6 | mixer_type=xy | depolarizing_strength_2q=0.001,2,hard_budget,6,4,fast_simulator,job,depolarizing,0.0005,0.001,0.01,auto,xy,2,6,3,128,0.1,50.0,random,-0.3797794900595858,-0.3797794900595858,1.0,2.0672557870431634e-07,0.0,1.0,1.0,0.0,-0.000494504544348419,nan,1.615374312794138e-09,2.0511020439152217e-07,3.684345586960668,3.6843455869606685,0.1484375,"{""0"": 659, ""1"": 104, ""2"": 5}",0.0,128.0,0.00312587502412498,6,768.0,12.001897750014905,0.0,0.3333333333333333,True,0.234375,0,"[5.459731123306307, 0.7129044125075348, 1.5862512825194854, 1.2174712756428663]"
factorial,regime=hard_budget | n_assets=6 | mixer_type=xy | depolarizing_strength_2q=0.001,2,hard_budget,6,4,fast_simulator,job,depolarizing,0.0005,0.001,0.01,auto,xy,2,6,3,128,0.1,50.0,spsa,-0.3797794900595858,-0.3797794900595858,1.0,1.0816184806999587e-06,0.0,1.0,1.0,0.0,-0.000494504544348419,nan,8.450475109635095e-09,1.0731680055903236e-06,3.684345586960668,3.6843455869606685,0.1875,"{""0"": 628, ""1"": 136, ""2"": 4}",0.0,128.0,0.003514499985612929,6,768.0,12.002033415948972,0.0,0.3333333333333333,True,0.234375,0,"[2.389977651122358, 0.9899506117071977, 0.8989367913081399, 1.7270961367581124]"
factorial,regime=hard_budget | n_assets=6 | mixer_type=xy | depolarizing_strength_2q=0.001,2,hard_budget,6,4,fast_simulator,job,depolarizing,0.0005,0.001,0.01,auto,xy,2,6,3,128,0.1,50.0,bayesian_optimization,-0.37973338332748785,-0.3797794900595858,1.0,3.4366524079750455e-07,0.0,1.0,1.0,0.0,-0.000494504544348419,nan,2.6848846937305043e-09,3.409803561037741e-07,3.684345586960668,3.6843455869606685,0.15104166666666666,"{""0"": 656, ""1"": 108, ""2"": 4}",0.0,128.0,0.34653716697357595,6,768.0,12.002177458023652,0.0,0.0,True,0.234375,0,"[4.301382415191508, 1.19213964944725, 5.127370914276506, 0.9188249527016425]"
factorial,regime=hard_budget | n_assets=6 | mixer_type=xy | depolarizing_strength_2q=0.02,1,hard_budget,6,4,fast_simulator,job,depolarizing,0.0005,0.02,0.01,auto,xy,2,6,3,128,0.1,50.0,classical_markowitz,-0.45808483385641985,-0.45808483385641985,1.0,0.0,0.0,1.0,1.0,0.0,nan,nan,0.0,0.0,4.489602407867099,4.489602407867099,0.0,"{""0"": 1}",0.0,0.0,4.537502536550164e-05,1,0.0,0.0,0.0,1.0,True,0.234375,0,"[1.0, 1.0, 0.0, 1.0, 0.0, 1.0]"
factorial,regime=hard_budget | n_assets=6 | mixer_type=xy | depolarizing_strength_2q=0.02,1,hard_budget,6,4,fast_simulator,job,depolarizing,0.0005,0.02,0.01,auto,xy,2,6,3,128,0.1,50.0,random,-0.4557849614644523,-0.45808483385641985,1.0,2.529363885365547e-05,0.0,1.0,1.0,0.0,-0.0005964646274172133,nan,1.9760655354418335e-07,2.5096032300111284e-05,4.489602407867099,4.489602407867099,1.0768229166666667,"{""0"": 208, ""1"": 352, ""2"": 156, ""3"": 45, ""4"": 7}",0.0,128.0,0.004124625003896654,6,768.0,12.002122252015397,0.0,0.0,True,0.234375,0,"[3.7390511610983, 1.8113774525013575, 6.221098545363186, 2.7815767548739183]"
factorial,regime=hard_budget | n_assets=6 | mixer_type=xy | depolarizing_strength_2q=0.02,1,hard_budget,6,4,fast_simulator,job,depolarizing,0.0005,0.02,0.01,auto,xy,2,6,3,128,0.1,50.0,spsa,-0.45639139819483787,-0.45808483385641985,1.0,2.334298965746273e-05,0.0,1.0,1.0,0.0,-0.0005964646274172133,nan,1.823671066989276e-07,2.3160622550763804e-05,4.489602407867099,4.489602407867099,1.05078125,"{""0"": 221, ""1"": 339, ""2"": 158, ""3"": 48, ""4"": 2}",0.0,128.0,0.0035107919829897583,6,768.0,12.00185166602023,0.0,0.0,True,0.234375,0,"[3.8441392161081107, 3.1001551870225565, 1.5081884344084755, 0.5491852456155029]"
factorial,regime=hard_budget | n_assets=6 | mixer_type=xy | depolarizing_strength_2q=0.02,1,hard_budget,6,4,fast_simulator,job,depolarizing,0.0005,0.02,0.01,auto,xy,2,6,3,128,0.1,50.0,bayesian_optimization,-0.4565774012901697,-0.45808483385641985,1.0,4.0448909351370466e-05,0.0,1.0,1.0,0.0,-0.0005964646274172133,nan,3.1600710430758176e-07,4.0132902247062884e-05,4.489602407867099,4.489602407867099,1.1197916666666667,"{""0"": 188, ""1"": 354, ""2"": 180, ""3"": 38, ""4"": 8}",0.0,128.0,0.2401361670345068,6,768.0,12.002130624954589,0.0,0.0,True,0.234375,0,"[4.918692771126267, 1.006398700748563, 0.0, 0.66730718554227]"
factorial,regime=hard_budget | n_assets=6 | mixer_type=xy | depolarizing_strength_2q=0.02,2,hard_budget,6,4,fast_simulator,job,depolarizing,0.0005,0.02,0.01,auto,xy,2,6,3,128,0.1,50.0,classical_markowitz,-0.3797794900595858,-0.3797794900595858,1.0,0.0,0.0,1.0,1.0,0.0,nan,nan,0.0,0.0,3.684345586960668,3.684345586960668,0.0,"{""0"": 1}",0.0,0.0,4.533398896455765e-05,1,0.0,0.0,0.0,1.0,True,0.234375,0,"[0.0, 0.0, 1.0, 1.0, 1.0, 1.0]"
factorial,regime=hard_budget | n_assets=6 | mixer_type=xy | depolarizing_strength_2q=0.02,2,hard_budget,6,4,fast_simulator,job,depolarizing,0.0005,0.02,0.01,auto,xy,2,6,3,128,0.1,50.0,random,-0.3762694745409035,-0.3797794900595858,1.0,1.9617722513738205e-05,0.00012295128559438226,1.0,1.0003243739643513,0.0,-0.000494504544348419,nan,1.5326345713857973e-07,1.9464459056599623e-05,3.684345586960668,3.5366851512989412,1.0364583333333333,"{""0"": 234, ""1"": 326, ""2"": 160, ""3"": 42, ""4"": 6}",0.0,128.0,0.0037712909979745746,6,768.0,12.002005501883104,0.0,0.0,True,0.234375,0,"[3.5043043887444267, 1.020110029210067, 0.8040801694716121, 1.2263975521354817]"
factorial,regime=hard_budget | n_assets=6 | mixer_type=xy | depolarizing_strength_2q=0.02,2,hard_budget,6,4,fast_simulator,job,depolarizing,0.0005,0.02,0.01,auto,xy,2,6,3,128,0.1,50.0,spsa,-0.3768560852068857,-0.3797794900595858,1.0,1.8296685813568952e-05,0.00012295128559438226,1.0,1.0003243739643513,0.0,-0.000494504544348419,nan,1.4294285791850744e-07,1.8153742955650442e-05,3.684345586960668,3.5366851512989412,1.0494791666666667,"{""0"": 215, ""1"": 352, ""2"": 155, ""3"": 40, ""4"": 6}",0.0,128.0,0.0036336250486783683,6,768.0,12.001894418033771,0.0,0.0,True,0.234375,0,"[2.6633405693233962, 1.0768362326208696, 0.9858224122218118, 1.453733218557074]"
factorial,regime=hard_budget | n_assets=6 | mixer_type=xy | depolarizing_strength_2q=0.02,2,hard_budget,6,4,fast_simulator,job,depolarizing,0.0005,0.02,0.01,auto,xy,2,6,3,128,0.1,50.0,bayesian_optimization,-0.37757208135718867,-0.3797794900595858,1.0,2.042411514821078e-05,0.0,1.0,1.0,0.0,-0.000494504544348419,nan,1.5956339959539672e-07,2.026455174861538e-05,3.684345586960668,3.6843455869606685,1.08984375,"{""0"": 211, ""1"": 344, ""2"": 152, ""3"": 55, ""4"": 6}",0.0,128.0,0.4052596249966882,6,768.0,12.002235458989162,0.0,0.0,True,0.234375,0,"[4.301382415191508, 1.19213964944725, 5.127370914276506, 0.9188249527016425]"
factorial,regime=hard_budget | n_assets=6 | mixer_type=product_x | depolarizing_strength_2q=0.001,1,hard_budget,6,4,fast_simulator,job,depolarizing,0.0005,0.001,0.01,auto,product_x,2,6,3,128,0.1,50.0,classical_markowitz,-0.45808483385641985,-0.45808483385641985,1.0,0.0,0.0,1.0,1.0,0.0,nan,nan,0.0,0.0,4.489602407867099,4.489602407867099,0.0,"{""0"": 1}",0.0,0.0,4.3042004108428955e-05,1,0.0,0.0,0.0,1.0,True,0.234375,0,"[1.0, 1.0, 0.0, 1.0, 0.0, 1.0]"
factorial,regime=hard_budget | n_assets=6 | mixer_type=product_x | depolarizing_strength_2q=0.001,1,hard_budget,6,4,fast_simulator,job,depolarizing,0.0005,0.001,0.01,auto,product_x,2,6,3,128,0.1,50.0,random,-0.4560613143906835,-0.45808483385641985,1.0,92.72638425904017,0.0004336132637211924,1.0,1.0009519852922162,0.0,-0.0005964646274172133,nan,0.7244248770237514,92.00195938201642,4.489602407867099,4.453903017612323,1.5872395833333333,"{""0"": 150, ""1"": 251, ""2"": 188, ""3"": 124, ""4"": 55}",0.0,128.0,0.0035542920231819153,6,768.0,12.001962417038158,0.0,0.0,True,0.234375,0,"[6.070552558348777, 1.4155145634066013, 2.4132972624589346, 2.829379374454144]"
factorial,regime=hard_budget | n_assets=6 | mixer_type=product_x | depolarizing_strength_2q=0.001,1,hard_budget,6,4,fast_simulator,job,depolarizing,0.0005,0.001,0.01,auto,product_x,2,6,3,128,0.1,50.0,spsa,-0.45584977171477337,-0.45808483385641985,1.0,114.12161505328366,0.0012811322028757621,1.0,1.0028230652840404,0.0038433966086272864,-0.0005964646274172133,nan,0.8915751176037786,113.23003993567988,4.489602407867099,4.341722324019332,1.4375,"{""0"": 160, ""1"": 237, ""2"": 257, ""3"": 103, ""4"": 11}",0.0,128.0,0.0034956669551320374,6,768.0,12.001890165905934,0.0,0.0,True,0.234375,0,"[4.190865052510187, 0.3052883698348405, 1.1614625980063988, 0.20245940921342592]"
factorial,regime=hard_budget | n_assets=6 | mixer_type=product_x | depolarizing_strength_2q=0.001,1,hard_budget,6,4,fast_simulator,job,depolarizing,0.0005,0.001,0.01,auto,product_x,2,6,3,128,0.1,50.0,bayesian_optimization,-0.4560719812974776,-0.45808483385641985,1.0,7.684874008790736e-05,0.00018072552346692916,1.0,1.0003954602480591,0.0,-0.0005964646274172133,nan,6.003807819367763e-07,7.624835930597058e-05,4.489602407867099,4.491439859863108,1.5989583333333333,"{""0"": 158, ""1"": 248, ""2"": 182, ""3"": 104, ""4"": 76}",0.0,128.0,0.37429408403113484,6,768.0,12.0022407079814,0.0,0.0,True,0.234375,0,"[0.09482557064286855, 1.5164499311247506, 3.2831238597459733, 0.5023804868708834]"
factorial,regime=hard_budget | n_assets=6 | mixer_type=product_x | depolarizing_strength_2q=0.001,2,hard_budget,6,4,fast_simulator,job,depolarizing,0.0005,0.001,0.01,auto,product_x,2,6,3,128,0.1,50.0,classical_markowitz,-0.3797794900595858,-0.3797794900595858,1.0,0.0,0.0,1.0,1.0,0.0,nan,nan,0.0,0.0,3.684345586960668,3.684345586960668,0.0,"{""0"": 1}",0.0,0.0,4.333298420533538e-05,1,0.0,0.0,0.0,1.0,True,0.234375,0,"[0.0, 0.0, 1.0, 1.0, 1.0, 1.0]"
factorial,regime=hard_budget | n_assets=6 | mixer_type=product_x | depolarizing_strength_2q=0.001,2,hard_budget,6,4,fast_simulator,job,depolarizing,0.0005,0.001,0.01,auto,product_x,2,6,3,128,0.1,50.0,random,-0.3744141462213294,-0.3797794900595858,1.0,150.51862061558907,0.00012295128559438226,1.0,1.0003243739643513,0.0,-0.000494504544348419,nan,1.1759267235592896,149.34269389202976,3.684345586960668,3.5366851512989412,1.765625,"{""0"": 138, ""1"": 199, ""2"": 221, ""3"": 125, ""4"": 85}",0.0,128.0,0.0034145829849876463,6,768.0,12.001978122920264,0.0,0.0,True,0.234375,0,"[2.3536852357146896, 3.1240148705040416, 2.2288676762896507, 3.022866483944935]"
factorial,regime=hard_budget | n_assets=6 | mixer_type=product_x | depolarizing_strength_2q=0.001,2,hard_budget,6,4,fast_simulator,job,depolarizing,0.0005,0.001,0.01,auto,product_x,2,6,3,128,0.1,50.0,spsa,-0.373300697458148,-0.3797794900595858,1.0,160.33293479741857,0.0018963123107628432,1.0,1.0050717120024262,0.0,-0.000494504544348419,nan,1.2526010531048326,159.08033374431375,3.684345586960668,3.321454936545241,1.88671875,"{""0"": 89, ""1"": 224, ""2"": 267, ""3"": 61, ""4"": 127}",0.0,128.0,0.0032832089927978814,6,768.0,12.001861416909378,0.0,0.0,True,0.234375,0,"[2.576454948409724, 0.8034733144198312, 0.7124594940207734, 1.540618839470746]"
factorial,regime=hard_budget | n_assets=6 | mixer_type=product_x | depolarizing_strength_2q=0.001,2,hard_budget,6,4,fast_simulator,job,depolarizing,0.0005,0.001,0.01,auto,product_x,2,6,3,128,0.1,50.0,bayesian_optimization,-0.37338246158564226,-0.3797794900595858,1.0,158.28250014041177,0.0032506146137982936,1.0,1.0087772217356903,0.0056286817223256125,-0.000494504544348419,nan,1.236582032346967,157.0459181080648,3.684345586960668,3.2640036019588705,1.76953125,"{""0"": 125, ""1"": 191, ""2"": 267, ""3"": 106, ""4"": 79}",0.0,128.0,0.29982666700379923,6,768.0,12.002163707045838,0.0,0.0,True,0.234375,0,"[5.866202437227249, 0.0, 3.3302547214323712, 0.0]"
factorial,regime=hard_budget | n_assets=6 | mixer_type=product_x | depolarizing_strength_2q=0.02,1,hard_budget,6,4,fast_simulator,job,depolarizing,0.0005,0.02,0.01,auto,product_x,2,6,3,128,0.1,50.0,classical_markowitz,-0.45808483385641985,-0.45808483385641985,1.0,0.0,0.0,1.0,1.0,0.0,nan,nan,0.0,0.0,4.489602407867099,4.489602407867099,0.0,"{""0"": 1}",0.0,0.0,4.3042004108428955e-05,1,0.0,0.0,0.0,1.0,True,0.234375,0,"[1.0, 1.0, 0.0, 1.0, 0.0, 1.0]"
factorial,regime=hard_budget | n_assets=6 | mixer_type=product_x | depolarizing_strength_2q=0.02,1,hard_budget,6,4,fast_simulator,job,depolarizing,0.0005,0.02,0.01,auto,product_x,2,6,3,128,0.1,50.0,random,-0.4564335106924977,-0.45808483385641985,1.0,5.7492618584615664e-05,0.0004336132637211924,1.0,1.0009519852922162,0.0,-0.0005964646274172133,nan,4.4916108269230987e-07,5.704345750192336e-05,4.489602407867099,4.453903017612323,1.42578125,"{""0"": 153, ""1"": 288, ""2"": 200, ""3"": 101, ""4"": 26}",0.0,128.0,0.003611417021602392,6,768.0,12.001952331978828,0.0,0.0,True,0.234375,0,"[3.7390511610983, 1.8113774525013575, 6.221098545363186, 2.7815767548739183]"
factorial,regime=hard_budget | n_assets=6 | mixer_type=product_x | depolarizing_strength_2q=0.02,1,hard_budget,6,4,fast_simulator,job,depolarizing,0.0005,0.02,0.01,auto,product_x,2,6,3,128,0.1,50.0,spsa,-0.45717685609128533,-0.45808483385641985,1.0,4.822899577068551e-05,0.00018072552346692916,1.0,1.0003954602480591,0.0005421765704007875,-0.0005964646274172133,nan,3.7678902945848056e-07,4.785220674122703e-05,4.489602407867099,4.491439859863108,1.3776041666666667,"{""0"": 164, ""1"": 282, ""2"": 210, ""3"": 92, ""4"": 20}",0.0,128.0,0.00339933397481218,6,768.0,12.001842041034251,0.0,0.0,True,0.234375,0,"[4.117502134309149, 0.23192545163380204, 1.234825516207437, 0.27582232741446433]"
factorial,regime=hard_budget | n_assets=6 | mixer_type=product_x | depolarizing_strength_2q=0.02,1,hard_budget,6,4,fast_simulator,job,depolarizing,0.0005,0.02,0.01,auto,product_x,2,6,3,128,0.1,50.0,bayesian_optimization,-0.4547274738268144,-0.45808483385641985,1.0,5.095434979520327e-05,0.0,1.0,1.0,0.0,-0.0005964646274172133,nan,3.980808577750255e-07,5.055626893742824e-05,4.489602407867099,4.489602407867099,1.32421875,"{""0"": 180, ""1"": 283, ""2"": 198, ""3"": 90, ""4"": 17}",0.0,128.0,0.2600511250202544,6,768.0,12.002144124009646,0.0,0.0,True,0.234375,0,"[3.458936035049703, 2.7922639376180287, 5.330245309677965, 1.490737075754312]"
factorial,regime=hard_budget | n_assets=6 | mixer_type=product_x | depolarizing_strength_2q=0.02,2,hard_budget,6,4,fast_simulator,job,depolarizing,0.0005,0.02,0.01,auto,product_x,2,6,3,128,0.1,50.0,classical_markowitz,-0.3797794900595858,-0.3797794900595858,1.0,0.0,0.0,1.0,1.0,0.0,nan,nan,0.0,0.0,3.684345586960668,3.684345586960668,0.0,"{""0"": 1}",0.0,0.0,4.254200030118227e-05,1,0.0,0.0,0.0,1.0,True,0.234375,0,"[0.0, 0.0, 1.0, 1.0, 1.0, 1.0]"
factorial,regime=hard_budget | n_assets=6 | mixer_type=product_x | depolarizing_strength_2q=0.02,2,hard_budget,6,4,fast_simulator,job,depolarizing,0.0005,0.02,0.01,auto,product_x,2,6,3,128,0.1,50.0,random,-0.37387689731785195,-0.3797794900595858,1.0,3.832482013308806e-05,0.000491805142377529,1.0,1.0012974958574055,0.00036885385678314675,-0.000494504544348419,nan,2.9941265728975045e-07,3.802540747579831e-05,3.684345586960668,3.0937038443137603,1.4440104166666667,"{""0"": 148, ""1"": 293, ""2"": 194, ""3"": 104, ""4"": 29}",0.0,128.0,0.0035197919933125377,6,768.0,12.001920624927152,0.0,0.0,True,0.234375,0,"[2.944513485764578, 1.5681624129859342, 3.2980229668215166, 0.003936645856456367]"
factorial,regime=hard_budget | n_assets=6 | mixer_type=product_x | depolarizing_strength_2q=0.02,2,hard_budget,6,4,fast_simulator,job,depolarizing,0.0005,0.02,0.01,auto,product_x,2,6,3,128,0.1,50.0,spsa,-0.3755010451778097,-0.3797794900595858,1.0,2.909759602456874e-05,0.0,1.0,1.0,0.0,-0.000494504544348419,nan,2.2732496894194328e-07,2.8870271055626796e-05,3.684345586960668,3.6843455869606685,1.4700520833333333,"{""0"": 165, ""1"": 263, ""2"": 200, ""3"": 94, ""4"": 46}",0.0,128.0,0.003591375018004328,6,768.0,12.001900415169075,0.0,0.0,True,0.234375,0,"[2.389977651122358, 0.9899506117071977, 0.8989367913081399, 1.7270961367581124]"
factorial,regime=hard_budget | n_assets=6 | mixer_type=product_x | depolarizing_strength_2q=0.02,2,hard_budget,6,4,fast_simulator,job,depolarizing,0.0005,0.02,0.01,auto,product_x,2,6,3,128,0.1,50.0,bayesian_optimization,-0.3761542077106587,-0.3797794900595858,1.0,2.6035548903124983e-05,0.0010438498754795078,1.0,1.0027714206382732,0.004697324439657785,-0.000494504544348419,nan,2.0340272580566393e-07,2.583214617731932e-05,3.684345586960668,3.4338414685060745,1.4088541666666667,"{""0"": 160, ""1"": 294, ""2"": 183, ""3"": 102, ""4"": 29}",0.0,128.0,0.20631929201772436,6,768.0,12.002308583003469,0.0,0.0,True,0.234375,0,"[2.547824854209277, 1.696949586443871, 5.931599520483105, 0.0]"
factorial,regime=hard_budget | n_assets=12 | mixer_type=xy | depolarizing_strength_2q=0.001,1,hard_budget,12,4,fast_simulator,job,depolarizing,0.0005,0.001,0.01,auto,xy,2,6,3,128,0.1,50.0,classical_markowitz,-0.3999546906074815,-0.3999546906074815,1.0,0.0,0.0,1.0,1.0,0.0,nan,nan,0.0,0.0,3.622813207425327,3.622813207425327,0.0,"{""0"": 1}",0.0,0.0,0.001164749963209033,1,0.0,0.0,0.0,1.0,True,0.120849609375,0,"[1.0, 1.0, 0.0, 0.0, 1.0, 0.0, 0.0, 0.0, 0.0, 0.0, 0.0, 1.0]"
factorial,regime=hard_budget | n_assets=12 | mixer_type=xy | depolarizing_strength_2q=0.001,1,hard_budget,12,4,fast_simulator,job,depolarizing,0.0005,0.001,0.01,auto,xy,2,6,3,128,0.1,50.0,random,-0.3928364914426932,-0.3962791243619034,1.0,6.742347531146775e-06,0.0039244521302606765,1.0092751952339065,1.0099109698519968,0.018519540237925958,-0.0005159884431795617,nan,5.267459008708418e-08,6.689672941059691e-06,3.7137126982837603,3.713331661480726,0.3958333333333333,"{""0"": 506, ""1"": 222, ""2"": 38, ""3"": 2}",0.0,128.0,0.009762999950908124,6,768.0,12.00566854304634,0.0,0.0,True,0.120849609375,0,"[5.373549559144173, 2.705801904249896, 5.507445005402515, 1.4825481074951963]"
factorial,regime=hard_budget | n_assets=12 | mixer_type=xy | depolarizing_strength_2q=0.001,1,hard_budget,12,4,fast_simulator,job,depolarizing,0.0005,0.001,0.01,auto,xy,2,6,3,128,0.1,50.0,spsa,-0.3918510313394759,-0.3999546906074815,1.0,9.329542566734647e-06,0.0033145634546675184,1.0,1.0083800829024643,0.009058601298098573,-0.0005207743367284916,nan,7.288705130261443e-08,9.256655515432031e-06,3.622813207425327,3.676824590233995,0.3971354166666667,"{""0"": 495, ""1"": 242, ""2"": 30, ""3"": 1}",0.0,128.0,0.00958975002868101,6,768.0,12.00549404299818,0.0,0.0,True,0.120849609375,0,"[1.4767187291110258, 2.2552704047148016, 3.0839408482737527, 2.7801337627578087]"
factorial,regime=hard_budget | n_assets=12 | mixer_type=xy | depolarizing_strength_2q=0.001,1,hard_budget,12,4,fast_simulator,job,depolarizing,0.0005,0.001,0.01,auto,xy,2,6,3,128,0.1,50.0,bayesian_optimization,-0.39287424250855923,-0.3990395274367161,1.0,7.50269144501418e-06,0.003332593808135017,1.0022934148319693,1.008439933922016,0.011726993294496002,-0.0005195827180165574,nan,5.861477691417328e-08,7.444076668100006e-06,3.7163102660642386,3.7251413403741576,0.3958333333333333,"{""0"": 494, ""1"": 247, ""2"": 24, ""3"": 3}",0.0,128.0,0.28338791604619473,6,768.0,12.005889541993383,0.0,0.0,True,0.120849609375,0,"[3.458936035049703, 2.7922639376180287, 5.330245309677965, 1.490737075754312]"
factorial,regime=hard_budget | n_assets=12 | mixer_type=xy | depolarizing_strength_2q=0.001,2,hard_budget,12,4,fast_simulator,job,depolarizing,0.0005,0.001,0.01,auto,xy,2,6,3,128,0.1,50.0,classical_markowitz,-0.4087480042586734,-0.4087480042586734,1.0,0.0,0.0,1.0,1.0,0.0,nan,nan,0.0,0.0,3.4160316635488535,3.4160316635488535,0.0,"{""0"": 1}",0.0,0.0,0.001140874985139817,1,0.0,0.0,0.0,1.0,True,0.120849609375,0,"[1.0, 0.0, 0.0, 0.0, 1.0, 1.0, 0.0, 0.0, 0.0, 1.0, 0.0, 0.0]"
factorial,regime=hard_budget | n_assets=12 | mixer_type=xy | depolarizing_strength_2q=0.001,2,hard_budget,12,4,fast_simulator,job,depolarizing,0.0005,0.001,0.01,auto,xy,2,6,3,128,0.1,50.0,random,-0.4013814659089921,-0.4087480042586734,1.0,7.708840320299245e-06,0.0023124240532124973,1.0,1.0057070574463218,0.0016261305895250155,-0.000532223963878481,nan,6.022531500233785e-08,7.648615005296906e-06,3.4160316635488535,3.5169554432463443,0.3893229166666667,"{""0"": 502, ""1"": 236, ""2"": 27, ""3"": 3}",0.0,128.0,0.010047541989479214,6,768.0,12.005844375991728,0.0,0.0,True,0.120849609375,0,"[1.4658942258867813, 0.39390850714718934, 6.161578152486029, 2.512146805630639]"
factorial,regime=hard_budget | n_assets=12 | mixer_type=xy | depolarizing_strength_2q=0.001,2,hard_budget,12,4,fast_simulator,job,depolarizing,0.0005,0.001,0.01,auto,xy,2,6,3,128,0.1,50.0,spsa,-0.40259039838811467,-0.4087480042586734,1.0,7.75816657531958e-06,0.0037084117261085847,1.0,1.0091931472142692,0.0,-0.000532223963878481,nan,6.061067636968422e-08,7.697555898949896e-06,3.4160316635488535,3.5120144895781436,0.375,"{""0"": 510, ""1"": 229, ""2"": 28, ""3"": 1}",0.0,128.0,0.009752875019330531,6,768.0,12.005681706999894,0.0,0.0,True,0.120849609375,0,"[2.4706021315664026, 2.1068866903445884, 3.897236506096792, 0.005409123767496499]"
factorial,regime=hard_budget | n_assets=12 | mixer_type=xy | depolarizing_strength_2q=0.001,2,hard_budget,12,4,fast_simulator,job,depolarizing,0.0005,0.001,0.01,auto,xy,2,6,3,128,0.1,50.0,bayesian_optimization,-0.4014551403011654,-0.4087480042586734,1.0,6.9969407843391744e-06,0.004134257169527598,1.0,1.0102657323144912,0.014733559130305801,-0.000532223963878481,nan,5.46635998776498e-08,6.942277184461525e-06,3.4160316635488535,3.290738209224461,0.4010416666666667,"{""0"": 492, ""1"": 249, ""2"": 23, ""3"": 3, ""4"": 1}",0.0,128.0,0.4173692910117097,6,768.0,12.00662658404326,0.0,0.0,True,0.120849609375,0,"[4.301382415191508, 1.19213964944725, 5.127370914276506, 0.9188249527016425]"
factorial,regime=hard_budget | n_assets=12 | mixer_type=xy | depolarizing_strength_2q=0.02,1,hard_budget,12,4,fast_simulator,job,depolarizing,0.0005,0.02,0.01,auto,xy,2,6,3,128,0.1,50.0,classical_markowitz,-0.3999546906074815,-0.3999546906074815,1.0,0.0,0.0,1.0,1.0,0.0,nan,nan,0.0,0.0,3.622813207425327,3.622813207425327,0.0,"{""0"": 1}",0.0,0.0,0.0011760839843191206,1,0.0,0.0,0.0,1.0,True,0.120849609375,0,"[1.0, 1.0, 0.0, 0.0, 1.0, 0.0, 0.0, 0.0, 0.0, 0.0, 0.0, 1.0]"
factorial,regime=hard_budget | n_assets=12 | mixer_type=xy | depolarizing_strength_2q=0.02,1,hard_budget,12,4,fast_simulator,job,depolarizing,0.0005,0.02,0.01,auto,xy,2,6,3,128,0.1,50.0,random,-0.3848041397659305,-0.3990395274367161,1.0,0.00020665087481000025,0.006462218872766767,1.0022934148319693,1.0164996060909754,0.02060532203428586,-0.0005195827180165574,nan,1.614459959453127e-06,0.00020503641485054714,3.7163102660642386,3.47839934970493,2.0182291666666665,"{""0"": 103, ""1"": 217, ""2"": 191, ""3"": 136, ""4"": 74, ""5"": 36, ""6"": 10, ""7"": 1}",0.0,128.0,0.009930457978043705,6,768.0,12.005973875988275,0.0,0.0,True,0.120849609375,0,"[5.373549559144173, 2.705801904249896, 5.507445005402515, 1.4825481074951963]"
factorial,regime=hard_budget | n_assets=12 | mixer_type=xy | depolarizing_strength_2q=0.02,1,hard_budget,12,4,fast_simulator,job,depolarizing,0.0005,0.02,0.01,auto,xy,2,6,3,128,0.1,50.0,spsa,-0.38123679963386253,-0.3990395274367161,1.0,0.0002874448382893131,0.009138695768566527,1.0022934148319693,1.0235938194520993,0.013865648985103729,-0.0005195827180165574,nan,2.2456627991352587e-06,0.00028519917549017787,3.7163102660642386,3.250333209730558,2.1119791666666665,"{""0"": 103, ""1"": 203, ""2"": 184, ""3"": 133, ""4"": 89, ""5"": 42, ""6"": 12, ""7"": 2}",0.0,128.0,0.009640917007345706,6,768.0,12.005863582948223,0.0,0.0,True,0.120849609375,0,"[1.8116130968579631, 2.280624576082575, 2.928041418398168, 2.805487934125582]"
factorial,regime=hard_budget | n_assets=12 | mixer_type=xy | depolarizing_strength_2q=0.02,1,hard_budget,12,4,fast_simulator,job,depolarizing,0.0005,0.02,0.01,auto,xy,2,6,3,128,0.1,50.0,bayesian_optimization,-0.38201772899450176,-0.3999546906074815,1.0,16.47876810555796,0.006856244519960891,1.0,1.0175833762144568,0.014576701943554204,-0.0005207743367284916,nan,0.12874037582467157,16.350027729733288,3.622813207425327,3.4649441753630033,2.1510416666666665,"{""0"": 98, ""1"": 195, ""2"": 185, ""3"": 144, ""4"": 88, ""5"": 45, ""6"": 13}",0.0,128.0,0.259580125042703,6,768.0,12.006633251090534,0.0,0.0,True,0.120849609375,0,"[0.9768174011427534, 1.8496042750764798, 3.817237237218675, 0.7615220266433731]"
factorial,regime=hard_budget | n_assets=12 | mixer_type=xy | depolarizing_strength_2q=0.02,2,hard_budget,12,4,fast_simulator,job,depolarizing,0.0005,0.02,0.01,auto,xy,2,6,3,128,0.1,50.0,classical_markowitz,-0.4087480042586734,-0.4087480042586734,1.0,0.0,0.0,1.0,1.0,0.0,nan,nan,0.0,0.0,3.4160316635488535,3.4160316635488535,0.0,"{""0"": 1}",0.0,0.0,0.0011804159730672836,1,0.0,0.0,0.0,1.0,True,0.120849609375,0,"[1.0, 0.0, 0.0, 0.0, 1.0, 1.0, 0.0, 0.0, 0.0, 1.0, 0.0, 0.0]"
factorial,regime=hard_budget | n_assets=12 | mixer_type=xy | depolarizing_strength_2q=0.02,2,hard_budget,12,4,fast_simulator,job,depolarizing,0.0005,0.02,0.01,auto,xy,2,6,3,128,0.1,50.0,random,-0.38581354154249775,-0.4087480042586734,1.0,54.48672136714631,0.006566797720987348,1.0,1.0164349409857192,0.011418645788639076,-0.000532223963878481,nan,0.42567751068083054,54.06104385646547,3.4160316635488535,3.1836701832255563,2.1549479166666665,"{""0"": 88, ""1"": 211, ""2"": 177, ""3"": 137, ""4"": 104, ""5"": 43, ""6"": 8}",0.0,128.0,0.010543334006797522,6,768.0,12.006454540998675,0.0,0.0,True,0.120849609375,0,"[3.38261902136228, 2.1460105897696597, 5.953043400624874, 2.0412543314442573]"
factorial,regime=hard_budget | n_assets=12 | mixer_type=xy | depolarizing_strength_2q=0.02,2,hard_budget,12,4,fast_simulator,job,depolarizing,0.0005,0.02,0.01,auto,xy,2,6,3,128,0.1,50.0,spsa,-0.39000596115014274,-0.4087480042586734,1.0,0.00021452839669850363,0.004283259067302749,1.0,1.0106686535554388,0.012563750953495378,-0.000532223963878481,nan,1.6760030992070596e-06,0.00021285239359929655,3.4160316635488535,3.4875926025552526,2.0065104166666665,"{""0"": 124, ""1"": 185, ""2"": 197, ""3"": 137, ""4"": 87, ""5"": 26, ""6"": 11, ""7"": 1}",0.0,128.0,0.009843583044130355,6,768.0,12.005935751018114,0.0,0.0,True,0.120849609375,0,"[2.743965049767441, 2.380249608545627, 3.6238735878957535, 0.09229474468116844]"
factorial,regime=hard_budget | n_assets=12 | mixer_type=xy | depolarizing_strength_2q=0.02,2,hard_budget,12,4,fast_simulator,job,depolarizing,0.0005,0.02,0.01,auto,xy,2,6,3,128,0.1,50.0,bayesian_optimization,-0.39146629052335585,-0.4087480042586734,1.0,51.89600535159221,0.005071268618970781,1.0,1.0126229043710142,0.010580717058554068,-0.000532223963878481,nan,0.40543754180931413,51.490567809782895,3.4160316635488535,3.5755341437216135,2.0416666666666665,"{""0"": 97, ""1"": 210, ""2"": 197, ""3"": 150, ""4"": 68, ""5"": 36, ""6"": 8, ""7"": 2}",0.0,128.0,0.292331375007052,6,768.0,12.006400249083526,0.0,0.0,True,0.120849609375,0,"[2.8629326531394024, 0.35433775917851956, 3.4004335197394027, 0.3410448633503376]"
factorial,regime=hard_budget | n_assets=12 | mixer_type=product_x | depolarizing_strength_2q=0.001,1,hard_budget,12,4,fast_simulator,job,depolarizing,0.0005,0.001,0.01,auto,product_x,2,6,3,128,0.1,50.0,classical_markowitz,-0.3999546906074815,-0.3999546906074815,1.0,0.0,0.0,1.0,1.0,0.0,nan,nan,0.0,0.0,3.622813207425327,3.622813207425327,0.0,"{""0"": 1}",0.0,0.0,0.0011681250180117786,1,0.0,0.0,0.0,1.0,True,0.120849609375,0,"[1.0, 1.0, 0.0, 0.0, 1.0, 0.0, 0.0, 0.0, 0.0, 0.0, 0.0, 1.0]"
factorial,regime=hard_budget | n_assets=12 | mixer_type=product_x | depolarizing_strength_2q=0.001,1,hard_budget,12,4,fast_simulator,job,depolarizing,0.0005,0.001,0.01,auto,product_x,2,6,3,128,0.1,50.0,random,5.4056865032874475,-0.3962791243619034,1.0,320.21674385774935,0.0167164100960538,1.0092751952339065,1.0441661418751023,0.054243066977252674,-0.0005159884431795617,nan,2.501693311388667,317.7150505463607,3.7137126982837603,2.7514538419429138,3.1692708333333335,"{""0"": 38, ""1"": 136, ""2"": 119, ""3"": 168, ""4"": 150, ""5"": 59, ""6"": 39, ""7"": 45, ""8"": 14}",0.0,128.0,0.009727708005812019,6,768.0,12.006578792002983,0.0,0.0,True,0.120849609375,0,"[2.965027909530663, 2.329473749895035, 5.829185930077221, 3.0280190422712483]"
factorial,regime=hard_budget | n_assets=12 | mixer_type=product_x | depolarizing_strength_2q=0.001,1,hard_budget,12,4,fast_simulator,job,depolarizing,0.0005,0.001,0.01,auto,product_x,2,6,3,128,0.1,50.0,spsa,-0.38554099146169973,-0.3999546906074815,1.0,147.01085028541914,0.012593296759457731,1.0,1.034543729894185,0.03853592454563298,-0.0005207743367284916,nan,1.148522267854837,145.86232801756432,3.622813207425327,3.0610479858472104,3.4440104166666665,"{""0"": 82, ""1"": 159, ""2"": 102, ""3"": 72, ""4"": 107, ""5"": 44, ""6"": 65, ""7"": 68, ""8"": 69}",0.0,128.0,0.00945720897288993,6,768.0,12.006431540998165,0.0,0.0,True,0.120849609375,0,"[1.6984987177716349, 2.353987494283613, 3.041155797484496, 2.8788508523266203]"
factorial,regime=hard_budget | n_assets=12 | mixer_type=product_x | depolarizing_strength_2q=0.001,1,hard_budget,12,4,fast_simulator,job,depolarizing,0.0005,0.001,0.01,auto,product_x,2,6,3,128,0.1,50.0,bayesian_optimization,-0.38340341470191314,-0.3990395274367161,1.0,137.0728005882898,0.006600962744477977,1.0022934148319693,1.016850633926539,0.024556717322412963,-0.0005195827180165574,nan,1.070881254596014,136.0019193336938,3.7163102660642386,3.487985826865312,3.6927083333333335,"{""0"": 71, ""1"": 95, ""2"": 94, ""3"": 103, ""4"": 120, ""5"": 97, ""6"": 74, ""7"": 77, ""8"": 37}",0.0,128.0,0.26521129201864824,6,768.0,12.006912792043295,0.0,0.0,True,0.120849609375,0,"[3.458936035049703, 2.7922639376180287, 5.330245309677965, 1.490737075754312]"
factorial,regime=hard_budget | n_assets=12 | mixer_type=product_x | depolarizing_strength_2q=0.001,2,hard_budget,12,4,fast_simulator,job,depolarizing,0.0005,0.001,0.01,auto,product_x,2,6,3,128,0.1,50.0,classical_markowitz,-0.4087480042586734,-0.4087480042586734,1.0,0.0,0.0,1.0,1.0,0.0,nan,nan,0.0,0.0,3.4160316635488535,3.4160316635488535,0.0,"{""0"": 1}",0.0,0.0,0.0011821669759228826,1,0.0,0.0,0.0,1.0,True,0.120849609375,0,"[1.0, 0.0, 0.0, 0.0, 1.0, 1.0, 0.0, 0.0, 0.0, 1.0, 0.0, 0.0]"
factorial,regime=hard_budget | n_assets=12 | mixer_type=product_x | depolarizing_strength_2q=0.001,2,hard_budget,12,4,fast_simulator,job,depolarizing,0.0005,0.001,0.01,auto,product_x,2,6,3,128,0.1,50.0,random,-0.38746537201554393,-0.40603054623838475,1.0,202.53158361260637,0.010151989902081457,1.0066927428132297,1.0258622399913915,0.033895144970415625,-0.0005286856070812301,nan,1.5822779969734873,200.94930561563288,3.8131876839015213,3.466751050908449,3.38671875,"{""0"": 64, ""1"": 135, ""2"": 165, ""3"": 103, ""4"": 74, ""5"": 32, ""6"": 58, ""7"": 73, ""8"": 64}",0.0,128.0,0.009726083022542298,6,768.0,12.006651790929027,0.0,0.0,True,0.120849609375,0,"[3.38261902136228, 2.1460105897696597, 5.953043400624874, 2.0412543314442573]"
factorial,regime=hard_budget | n_assets=12 | mixer_type=product_x | depolarizing_strength_2q=0.001,2,hard_budget,12,4,fast_simulator,job,depolarizing,0.0005,0.001,0.01,auto,product_x,2,6,3,128,0.1,50.0,spsa,-0.3895207212389211,-0.4048542741946337,1.0,454.26200148560156,0.010633870788705304,1.0096176088835553,1.0268653439517537,0.043822036819058025,-0.0005271540028575959,nan,3.548921886606262,450.7130795989953,3.9060565654880346,3.0814045759183846,3.7408854166666665,"{""0"": 46, ""1"": 98, ""2"": 107, ""3"": 123, ""4"": 124, ""5"": 83, ""6"": 71, ""7"": 73, ""8"": 43}",0.0,128.0,0.009364750003442168,6,768.0,12.006452416069806,0.0,0.0,True,0.120849609375,0,"[2.2561007354399067, 1.8923852942180925, 3.932742964351936, 0.0806670429079296]"
factorial,regime=hard_budget | n_assets=12 | mixer_type=product_x | depolarizing_strength_2q=0.001,2,hard_budget,12,4,fast_simulator,job,depolarizing,0.0005,0.001,0.01,auto,product_x,2,6,3,128,0.1,50.0,bayesian_optimization,-0.3943864080283853,-0.4087480042586734,1.0,182.0316223351408,0.005332143316457538,1.0,1.0133302833546134,0.008329591406409403,-0.000532223963878481,nan,1.4221220494932876,180.60950028564753,3.4160316635488535,3.5292668246030505,3.19921875,"{""0"": 77, ""1"": 124, ""2"": 128, ""3"": 133, ""4"": 118, ""5"": 52, ""6"": 52, ""7"": 38, ""8"": 46}",0.0,128.0,0.3110477079753764,6,768.0,12.006939291022718,0.0,0.0,True,0.120849609375,0,"[4.848385608685149, 1.5660028791433216, 4.739186393649571, 1.626783805317066]"
factorial,regime=hard_budget | n_assets=12 | mixer_type=product_x | depolarizing_strength_2q=0.02,1,hard_budget,12,4,fast_simulator,job,depolarizing,0.0005,0.02,0.01,auto,product_x,2,6,3,128,0.1,50.0,classical_markowitz,-0.3999546906074815,-0.3999546906074815,1.0,0.0,0.0,1.0,1.0,0.0,nan,nan,0.0,0.0,3.622813207425327,3.622813207425327,0.0,"{""0"": 1}",0.0,0.0,0.0011744159855879843,1,0.0,0.0,0.0,1.0,True,0.120849609375,0,"[1.0, 1.0, 0.0, 0.0, 1.0, 0.0, 0.0, 0.0, 0.0, 0.0, 0.0, 1.0]"
factorial,regime=hard_budget | n_assets=12 | mixer_type=product_x | depolarizing_strength_2q=0.02,1,hard_budget,12,4,fast_simulator,job,depolarizing,0.0005,0.02,0.01,auto,product_x,2,6,3,128,0.1,50.0,random,-0.3805281305402553,-0.3925485428426543,1.0,0.00018837769793671652,0.009605178281263468,1.01886683290478,1.0246246099067668,0.04020965716388575,-0.0005111309151597061,nan,1.4717007651305978e-06,0.0001869059971715859,3.5272763975515065,3.4943165170767077,2.1223958333333335,"{""0"": 94, ""1"": 204, ""2"": 192, ""3"": 134, ""4"": 89, ""5"": 47, ""6"": 7, ""7"": 1}",0.0,128.0,0.010482209036126733,6,768.0,12.00678037601756,0.0,0.0,True,0.120849609375,0,"[5.95535363363396, 2.5660963030376474, 1.727984990481331, 1.7204127782842122]"
factorial,regime=hard_budget | n_assets=12 | mixer_type=product_x | depolarizing_strength_2q=0.02,1,hard_budget,12,4,fast_simulator,job,depolarizing,0.0005,0.02,0.01,auto,product_x,2,6,3,128,0.1,50.0,spsa,-0.3833555668428827,-0.3990395274367161,1.0,0.00020386035485145393,0.006199489878726085,1.0022934148319693,1.0158182343290203,0.016092714412531073,-0.0005195827180165574,nan,1.5926590222769838e-06,0.00020226769582917694,3.7163102660642386,3.6707146255725682,2.24609375,"{""0"": 94, ""1"": 174, ""2"": 199, ""3"": 132, ""4"": 105, ""5"": 50, ""6"": 11, ""7"": 3}",0.0,128.0,0.010764957987703383,6,768.0,12.006925124034751,0.0,0.0,True,0.120849609375,0,"[1.5382501786569245, 2.193738955168903, 3.2014043365992064, 2.71860231321191]"
factorial,regime=hard_budget | n_assets=12 | mixer_type=product_x | depolarizing_strength_2q=0.02,1,hard_budget,12,4,fast_simulator,job,depolarizing,0.0005,0.02,0.01,auto,product_x,2,6,3,128,0.1,50.0,bayesian_optimization,-0.3795758055296742,-0.3962791243619034,1.0,16.489194790676162,0.010154626643630057,1.0092751952339065,1.026150800618365,0.038451746029554035,-0.0005159884431795617,nan,0.12882183430215752,16.360372956374004,3.7137126982837603,3.444637153128836,2.3059895833333335,"{""0"": 90, ""1"": 177, ""2"": 177, ""3"": 156, ""4"": 98, ""5"": 45, ""6"": 21, ""7"": 3, ""8"": 1}",0.0,128.0,0.22133237501839176,6,768.0,12.007258664991241,0.0,0.0,True,0.120849609375,0,"[4.511886714450993, 1.5237891886598633, 3.4577074978695624e-18, 2.9333298930022487]"
factorial,regime=hard_budget | n_assets=12 | mixer_type=product_x | depolarizing_strength_2q=0.02,2,hard_budget,12,4,fast_simulator,job,depolarizing,0.0005,0.02,0.01,auto,product_x,2,6,3,128,0.1,50.0,classical_markowitz,-0.4087480042586734,-0.4087480042586734,1.0,0.0,0.0,1.0,1.0,0.0,nan,nan,0.0,0.0,3.4160316635488535,3.4160316635488535,0.0,"{""0"": 1}",0.0,0.0,0.0011663750046864152,1,0.0,0.0,0.0,1.0,True,0.120849609375,0,"[1.0, 0.0, 0.0, 0.0, 1.0, 1.0, 0.0, 0.0, 0.0, 1.0, 0.0, 0.0]"
factorial,regime=hard_budget | n_assets=12 | mixer_type=product_x | depolarizing_strength_2q=0.02,2,hard_budget,12,4,fast_simulator,job,depolarizing,0.0005,0.02,0.01,auto,product_x,2,6,3,128,0.1,50.0,random,-0.3882522666243532,-0.40368003856499535,1.0,0.0002584097055739476,0.008468217233663164,1.012554412429442,1.0211830594487628,0.03784498133064976,-0.0005256250502148377,nan,2.0188258247964656e-06,0.00025639087974915114,3.908133939348212,3.4841317628247026,2.2955729166666665,"{""0"": 93, ""1"": 174, ""2"": 176, ""3"": 152, ""4"": 103, ""5"": 52, ""6"": 17, ""7"": 1}",0.0,128.0,0.011172250029630959,6,768.0,12.007154916063882,0.0,0.0,True,0.120849609375,0,"[1.4658942258867813, 0.39390850714718934, 6.161578152486029, 2.512146805630639]"
factorial,regime=hard_budget | n_assets=12 | mixer_type=product_x | depolarizing_strength_2q=0.02,2,hard_budget,12,4,fast_simulator,job,depolarizing,0.0005,0.02,0.01,auto,product_x,2,6,3,128,0.1,50.0,spsa,-0.39165733203388486,-0.4031505340739588,1.0,88.52509784464951,0.009396433805793284,1.0138843179200347,1.023593583939071,0.02798735092357313,-0.0005249355912421338,nan,0.6916023269113243,87.83349551773819,2.959980840340544,3.1863878931960508,2.28125,"{""0"": 98, ""1"": 173, ""2"": 179, ""3"": 152, ""4"": 100, ""5"": 38, ""6"": 21, ""7"": 7}",0.0,128.0,0.010674333025235683,6,768.0,12.006888709962368,0.0,0.0,True,0.120849609375,0,"[2.743965049767441, 2.380249608545627, 3.6238735878957535, 0.09229474468116844]"
factorial,regime=hard_budget | n_assets=12 | mixer_type=product_x | depolarizing_strength_2q=0.02,2,hard_budget,12,4,fast_simulator,job,depolarizing,0.0005,0.02,0.01,auto,product_x,2,6,3,128,0.1,50.0,bayesian_optimization,-0.3670151566198199,-0.40344303661198533,1.0,221.9961914180333,0.007885936916776517,1.0131492358654592,1.0197654406494652,0.03209177528051935,-0.0005253164539218559,nan,1.7343452454533852,220.2618461725799,3.0688841922749917,3.0105355073448017,2.3111979166666665,"{""0"": 64, ""1"": 201, ""2"": 180, ""3"": 163, ""4"": 97, ""5"": 46, ""6"": 12, ""7"": 5}",0.0,128.0,0.3325178329832852,6,768.0,12.00794987595873,0.0,0.0,True,0.120849609375,0,"[5.855557644189263, 2.3852864976445134, 2.151723353719963, 0.0]"
