study_name,study_value,method,runs,mean_best_raw_objective,std_best_raw_objective,mean_best_valid_energy,mean_feasible_hit_rate,mean_approx_gap,mean_best_approx_ratio,mean_best_valid_regret_auc,mean_best_valid_energy_per_shot,mean_best_valid_energy_per_usd,mean_best_valid_sharpe_ratio,mean_shot_noise_variance_proxy,mean_excess_variance,mean_budget_violation,aggregate_violation_counts,mean_zne_correction_magnitude,mean_shots_to_first_feasible,mean_elapsed_seconds,mean_effective_shots,mean_estimated_billed_seconds,mean_estimated_qpu_cost_usd,mean_penalty_doublings,mean_constraint_hardness,win_rate,ci95_best_raw_objective_low,ci95_best_raw_objective_high,ci95_feasible_hit_rate_low,ci95_feasible_hit_rate_high,ci95_win_rate_low,ci95_win_rate_high,ci95_elapsed_seconds_low,ci95_elapsed_seconds_high,ci95_estimated_billed_seconds_low,ci95_estimated_billed_seconds_high,ci95_estimated_qpu_cost_usd_low,ci95_estimated_qpu_cost_usd_high,ci95_shots_to_first_feasible_low,ci95_shots_to_first_feasible_high,p_value_best_valid_vs_classical_markowitz,p_value_best_valid_vs_classical_markowitz_bonferroni,p_value_best_valid_vs_random,p_value_best_valid_vs_random_bonferroni,p_value_best_valid_vs_spsa,p_value_best_valid_vs_spsa_bonferroni,p_value_best_valid_vs_bayesian_optimization,p_value_best_valid_vs_bayesian_optimization_bonferroni,p_value_vs_random_best_valid,p_value_vs_random_best_valid_bonferroni
factorial,regime=baseline | n_assets=12 | mixer_type=product_x | depolarizing_strength_2q=0.001,bayesian_optimization,2,-0.3367077442663666,0.029991689636487212,-0.4452992001367588,1.0,0.09632093441239223,1.093722029845204,0.23429481619946513,-0.000579816666844738,nan,1.522969951588713,0.4521705720061617,57.42566264478254,2.751953125,"{""0"": 190, ""1"": 273, ""2"": 287, ""3"": 303, ""4"": 198, ""5"": 129, ""6"": 83, ""7"": 48, ""8"": 25}",0.0,128.0,0.2982809375098441,768.0,12.007248749519931,0.0,0.0,0.120849609375,0.0,-0.3666994339028538,-0.3067160546298794,1.0,1.0,0.0,0.0,0.2223896670038812,0.374172208015807,12.007244208070915,12.007253290968947,0.0,0.0,128.0,128.0,1.0,1.0,1.0,1.0,1.0,1.0,1.0,1.0,1.0,1.0
factorial,regime=baseline | n_assets=12 | mixer_type=product_x | depolarizing_strength_2q=0.001,classical_markowitz,2,-0.48864521562734103,0.06054229866948285,-0.48864521562734103,1.0,0.0,1.0,0.0,nan,nan,1.4971567154237198,0.0,0.0,0.0,"{""0"": 2}",0.0,0.0,0.0011953125067520887,0.0,0.0,0.0,0.0,0.120849609375,1.0,-0.5491875142968239,-0.4281029169578582,1.0,1.0,1.0,1.0,0.0011849160073325038,0.0012057090061716735,0.0,0.0,0.0,0.0,0.0,0.0,1.0,1.0,0.6666666666666666,1.0,1.0,1.0,1.0,1.0,0.6666666666666666,1.0
factorial,regime=baseline | n_assets=12 | mixer_type=product_x | depolarizing_strength_2q=0.001,random,2,-0.29937925480601746,0.017376775316827187,-0.4608713914980098,1.0,0.07067620548744752,1.0579161246226558,0.24361061211428814,-0.0006000929576797003,nan,1.3863345861739416,0.5514102372612595,70.02910013217995,3.15234375,"{""0"": 167, ""1"": 264, ""2"": 243, ""3"": 277, ""4"": 203, ""5"": 115, ""6"": 81, ""7"": 100, ""8"": 86}",0.0,128.0,0.00999339550617151,768.0,12.006780855037505,0.0,0.0,0.120849609375,0.0,-0.31675603012284465,-0.28200247948919027,1.0,1.0,0.0,0.0,0.009955790999811143,0.010031000012531877,12.006728959036991,12.006832751038019,0.0,0.0,128.0,128.0,0.6666666666666666,1.0,1.0,1.0,0.6666666666666666,1.0,1.0,1.0,1.0,1.0
factorial,regime=baseline | n_assets=12 | mixer_type=product_x | depolarizing_strength_2q=0.001,spsa,2,-0.36096251461955536,0.029239445318993473,-0.46967372875657737,1.0,0.07876841555689487,1.0371084390459357,0.10110342706397493,-0.0006115543343184601,nan,1.460946453316722,0.12442383118438101,15.801826560416387,2.266927083333333,"{""0"": 268, ""1"": 422, ""2"": 316, ""3"": 167, ""4"": 134, ""5"": 88, ""6"": 62, ""7"": 53, ""8"": 26}",0.0,128.0,0.010248270991723984,768.0,12.006661333027296,0.0,0.0,0.120849609375,0.0,-0.39020195993854884,-0.3317230693005619,1.0,1.0,0.0,0.0,0.010150292015168816,0.010346249968279153,12.006599542044569,12.006723124010023,0.0,0.0,128.0,128.0,1.0,1.0,0.6666666666666666,1.0,1.0,1.0,1.0,1.0,0.6666666666666666,1.0
factorial,regime=baseline | n_assets=12 | mixer_type=product_x | depolarizing_strength_2q=0.02,bayesian_optimization,2,-0.2977898568872632,0.04249044965993795,-0.46461306679863434,1.0,0.07682711516820527,1.0481850561915995,0.15387591352481567,-0.0006049649307273885,nan,1.338294138702246,0.061779125853739535,7.84594898342492,2.169270833333333,"{""0"": 185, ""1"": 397, ""2"": 377, ""3"": 277, ""4"": 187, ""5"": 84, ""6"": 21, ""7"": 8}",0.0,128.0,0.19460775001789443,768.0,12.00735843743314,0.0,0.0,0.120849609375,0.0,-0.34028030654720115,-0.25529940722732525,1.0,1.0,0.0,0.0,0.18796437501441687,0.201251125021372,12.007281791884452,12.007435082981829,0.0,0.0,128.0,128.0,0.6666666666666666,1.0,1.0,1.0,0.6666666666666666,1.0,1.0,1.0,1.0,1.0
factorial,regime=baseline | n_assets=12 | mixer_type=product_x | depolarizing_strength_2q=0.02,classical_markowitz,2,-0.48864521562734103,0.06054229866948285,-0.48864521562734103,1.0,0.0,1.0,0.0,nan,nan,1.4971567154237198,0.0,0.0,0.0,"{""0"": 2}",0.0,0.0,0.0011829999857582152,0.0,0.0,0.0,0.0,0.120849609375,1.0,-0.5491875142968239,-0.4281029169578582,1.0,1.0,1.0,1.0,0.0011825829860754311,0.0011834169854409993,0.0,0.0,0.0,0.0,0.0,0.0,1.0,1.0,0.6666666666666666,1.0,0.6666666666666666,1.0,0.6666666666666666,1.0,0.6666666666666666,1.0
factorial,regime=baseline | n_assets=12 | mixer_type=product_x | depolarizing_strength_2q=0.02,random,2,-0.32810595461370917,0.062168816474222094,-0.46505547833753413,1.0,0.07541927694005177,1.056819858739082,0.15764131005580545,-0.0006055409874186642,nan,1.4014290242686087,0.4381104843770506,55.640031515885426,2.236328125,"{""0"": 165, ""1"": 377, ""2"": 380, ""3"": 311, ""4"": 184, ""5"": 89, ""6"": 26, ""7"": 4}",0.0,128.0,0.010583604482235387,768.0,12.006884687551064,0.0,0.0,0.120849609375,0.0,-0.39027477108793124,-0.26593713813948705,1.0,1.0,0.0,0.0,0.010540124960243702,0.010627084004227072,12.006837415974587,12.006931959127542,0.0,0.0,128.0,128.0,0.6666666666666666,1.0,1.0,1.0,1.0,1.0,1.0,1.0,1.0,1.0
factorial,regime=baseline | n_assets=12 | mixer_type=product_x | depolarizing_strength_2q=0.02,spsa,2,-0.3032914469646948,0.06929033143490324,-0.4497711045979149,1.0,0.10818942015542622,1.0856839443807127,0.19437055514713072,-0.0005856394591118683,nan,1.1607700638139873,0.38874809628857776,49.37100822864937,2.179036458333333,"{""0"": 170, ""1"": 398, ""2"": 377, ""3"": 294, ""4"": 199, ""5"": 74, ""6"": 21, ""7"": 3}",0.0,128.0,0.010508791485335678,768.0,12.00684302157606,0.0,0.0,0.120849609375,0.0,-0.37258177839959805,-0.23400111552979158,1.0,1.0,0.0,0.0,0.01035045797470957,0.010667124995961785,12.00675816705916,12.00692787609296,0.0,0.0,128.0,128.0,0.6666666666666666,1.0,1.0,1.0,1.0,1.0,0.6666666666666666,1.0,1.0,1.0
factorial,regime=baseline | n_assets=12 | mixer_type=xy | depolarizing_strength_2q=0.001,bayesian_optimization,2,-0.4442978424898347,0.07145042245531777,-0.48733725252535254,1.0,0.024940905333151592,1.003074037821159,0.03141842753462949,-0.0006345537142257194,nan,1.3562349403444942,7.0600369545186046e-06,0.0008966246932238628,0.4114583333333333,"{""0"": 970, ""1"": 506, ""2"": 54, ""3"": 6}",0.0,128.0,0.3248108544794377,768.0,12.006225228484254,0.0,0.0,0.120849609375,0.0,-0.5157482649451525,-0.37284742003451693,1.0,1.0,0.0,0.0,0.3133418749785051,0.3362798339803703,12.006139540986624,12.006310915981885,0.0,0.0,128.0,128.0,1.0,1.0,1.0,1.0,1.0,1.0,1.0,1.0,1.0,1.0
factorial,regime=baseline | n_assets=12 | mixer_type=xy | depolarizing_strength_2q=0.001,classical_markowitz,2,-0.48864521562734103,0.06054229866948285,-0.48864521562734103,1.0,0.0,1.0,0.0,nan,nan,1.4971567154237198,0.0,0.0,0.0,"{""0"": 2}",0.0,0.0,0.0011888335284311324,0.0,0.0,0.0,0.0,0.120849609375,1.0,-0.5491875142968239,-0.4281029169578582,1.0,1.0,1.0,1.0,0.001141292043030262,0.0012363750138320029,0.0,0.0,0.0,0.0,0.0,0.0,1.0,1.0,1.0,1.0,1.0,1.0,1.0,1.0,1.0,1.0
factorial,regime=baseline | n_assets=12 | mixer_type=xy | depolarizing_strength_2q=0.001,random,2,-0.4195684337946387,0.04523175479186636,-0.48733725252535254,1.0,0.024963833178630032,1.003074037821159,0.05758061173836171,-0.0006345537142257194,nan,1.3562349403444942,8.497644742336258e-06,0.0010792008822767046,0.38736979166666663,"{""0"": 1019, ""1"": 446, ""2"": 64, ""3"": 7}",0.0,128.0,0.011063646001275629,768.0,12.006421707978006,0.0,0.0,0.120849609375,0.0,-0.46480018858650507,-0.37433667900277234,1.0,1.0,0.0,0.0,0.01089987502200529,0.011227416980545968,12.00626133295009,12.006582083005924,0.0,0.0,128.0,128.0,1.0,1.0,1.0,1.0,1.0,1.0,1.0,1.0,1.0,1.0
factorial,regime=baseline | n_assets=12 | mixer_type=xy | depolarizing_strength_2q=0.001,spsa,2,-0.4230398339698682,0.038790811796236946,-0.48733725252535254,1.0,0.04001915554844321,1.003074037821159,0.05445265273401638,-0.0006345537142257194,nan,1.3562349403444942,8.181472654680431e-06,0.0010390470271444147,0.4029947916666667,"{""0"": 994, ""1"": 469, ""2"": 69, ""3"": 4}",0.0,128.0,0.010416374978376552,768.0,12.006040082487743,0.0,0.0,0.120849609375,0.0,-0.46183064576610516,-0.38424902217363127,1.0,1.0,0.0,0.0,0.010254541994072497,0.010578207962680608,12.00584150000941,12.006238664966077,0.0,0.0,128.0,128.0,1.0,1.0,1.0,1.0,1.0,1.0,1.0,1.0,1.0,1.0
factorial,regime=baseline | n_assets=12 | mixer_type=xy | depolarizing_strength_2q=0.02,bayesian_optimization,2,-0.32328581998550565,0.023165682004519933,-0.4445826961330379,1.0,0.08228621372523996,1.094936700428635,0.24701142897027573,-0.0005788837189232264,nan,1.1767785525948795,4.831825769920565e-05,0.006136418727799117,2.0260416666666665,"{""0"": 207, ""1"": 429, ""2"": 377, ""3"": 282, ""4"": 150, ""5"": 70, ""6"": 15, ""7"": 5, ""8"": 1}",0.0,128.0,0.293164249509573,768.0,12.006261916947551,0.0,0.0,0.120849609375,0.0,-0.3464515019900256,-0.30012013798098575,1.0,1.0,0.0,0.0,0.26908454101067036,0.3172439580084756,12.006153207970783,12.006370625924319,0.0,0.0,128.0,128.0,0.6666666666666666,1.0,1.0,1.0,1.0,1.0,1.0,1.0,1.0,1.0
factorial,regime=baseline | n_assets=12 | mixer_type=xy | depolarizing_strength_2q=0.02,classical_markowitz,2,-0.48864521562734103,0.06054229866948285,-0.48864521562734103,1.0,0.0,1.0,0.0,nan,nan,1.4971567154237198,0.0,0.0,0.0,"{""0"": 2}",0.0,0.0,0.0011905419814866036,0.0,0.0,0.0,0.0,0.120849609375,1.0,-0.5491875142968239,-0.4281029169578582,1.0,1.0,1.0,1.0,0.0011655839625746012,0.001215500000398606,0.0,0.0,0.0,0.0,0.0,0.0,1.0,1.0,0.6666666666666666,1.0,0.6666666666666666,1.0,0.6666666666666666,1.0,0.6666666666666666,1.0
factorial,regime=baseline | n_assets=12 | mixer_type=xy | depolarizing_strength_2q=0.02,random,2,-0.3492649180053193,0.04288072335677412,-0.44996154967954655,1.0,0.07864578746914529,1.0929779092499508,0.27927420892949417,-0.0005858874344785762,nan,1.3502959106165622,0.06007951186172782,7.630098006439434,2.00390625,"{""0"": 208, ""1"": 458, ""2"": 367, ""3"": 251, ""4"": 154, ""5"": 76, ""6"": 17, ""7"": 5}",0.0,128.0,0.009861791535513476,768.0,12.00603654095903,0.0,0.0,0.120849609375,0.0,-0.3921456413620934,-0.30638419464854516,1.0,1.0,0.0,0.0,0.00949462503194809,0.010228958039078861,12.005755916005,12.00631716591306,0.0,0.0,128.0,128.0,0.6666666666666666,1.0,1.0,1.0,1.0,1.0,1.0,1.0,1.0,1.0
factorial,regime=baseline | n_assets=12 | mixer_type=xy | depolarizing_strength_2q=0.02,spsa,2,-0.3246009668572151,0.02259039169959537,-0.4440337019139135,1.0,0.07961986362189022,1.1051510907576505,0.2982231633674711,-0.0005781688827004082,nan,1.3298956341385293,4.89563107492783e-05,0.006217451465158345,2.094401041666667,"{""0"": 211, ""1"": 375, ""2"": 389, ""3"": 292, ""4"": 179, ""5"": 73, ""6"": 12, ""7"": 5}",0.0,128.0,0.009870875510387123,768.0,12.005924355064053,0.0,0.0,0.120849609375,0.0,-0.3471913585568105,-0.30201057515761975,1.0,1.0,0.0,0.0,0.009326917002908885,0.01041483401786536,12.005635876092128,12.006212834035978,0.0,0.0,128.0,128.0,0.6666666666666666,1.0,1.0,1.0,1.0,1.0,1.0,1.0,1.0,1.0
factorial,regime=baseline | n_assets=6 | mixer_type=product_x | depolarizing_strength_2q=0.001,bayesian_optimization,2,-0.42781056617589847,0.030230976489269923,-0.5069066713678063,1.0,0.01776530839171115,1.0,0.0,-0.0006600347283434978,nan,1.7148721569181502,0.7662838847492783,97.31805336315836,1.7213541666666667,"{""0"": 203, ""1"": 526, ""2"": 410, ""3"": 290, ""4"": 107}",0.0,128.0,0.27634427047451027,768.0,12.002172354550567,0.0,0.0,0.234375,0.0,-0.4580415426651684,-0.39757958968662854,1.0,1.0,0.0,0.0,0.2694232079666108,0.28326533298240975,12.002142375102267,12.002202333998866,0.0,0.0,128.0,128.0,1.0,1.0,1.0,1.0,1.0,1.0,1.0,1.0,1.0,1.0
factorial,regime=baseline | n_assets=6 | mixer_type=product_x | depolarizing_strength_2q=0.001,classical_markowitz,2,-0.5069066713678063,0.012923507373714643,-0.5069066713678063,1.0,0.0,1.0,0.0,nan,nan,1.7148721569181502,0.0,0.0,0.0,"{""0"": 2}",0.0,0.0,4.3521024053916335e-05,0.0,0.0,0.0,0.0,0.234375,1.0,-0.5198301787415209,-0.49398316399409165,1.0,1.0,1.0,1.0,4.291703226044774e-05,4.412501584738493e-05,0.0,0.0,0.0,0.0,0.0,0.0,1.0,1.0,1.0,1.0,1.0,1.0,1.0,1.0,1.0,1.0
factorial,regime=baseline | n_assets=6 | mixer_type=product_x | depolarizing_strength_2q=0.001,random,2,-0.45021822509185755,0.023327143266578254,-0.5069066713678063,1.0,0.02222957986292336,1.0,0.0,-0.0006600347283434978,nan,1.7148721569181502,1.2274887138498787,155.89106665893462,1.7037760416666667,"{""0"": 188, ""1"": 544, ""2"": 515, ""3"": 113, ""4"": 176}",0.0,128.0,0.003289937536465004,768.0,12.001905104028992,0.0,0.0,0.234375,0.0,-0.4735453683584358,-0.4268910818252793,1.0,1.0,0.0,0.0,0.0032836670288816094,0.0032962080440483987,12.001898209040519,12.001911999017466,0.0,0.0,128.0,128.0,1.0,1.0,1.0,1.0,1.0,1.0,1.0,1.0,1.0,1.0
factorial,regime=baseline | n_assets=6 | mixer_type=product_x | depolarizing_strength_2q=0.001,spsa,2,-0.4697565181329556,0.027297860364181276,-0.5069066713678063,1.0,0.028752199204509526,1.0,0.06612761539762872,-0.0006600347283434978,nan,1.7148721569181502,0.7779106289532933,98.79464987706822,1.7662760416666665,"{""0"": 267, ""1"": 418, ""2"": 424, ""3"": 261, ""4"": 166}",0.0,128.0,0.003146375500364229,768.0,12.001816729054553,0.0,0.0,0.234375,0.0,-0.4970543784971369,-0.44245865776877435,1.0,1.0,0.0,0.0,0.0030169590027071536,0.0032757919980213046,12.0017949580797,12.001838500029407,0.0,0.0,128.0,128.0,1.0,1.0,1.0,1.0,1.0,1.0,1.0,1.0,1.0,1.0
factorial,regime=baseline | n_assets=6 | mixer_type=product_x | depolarizing_strength_2q=0.02,bayesian_optimization,2,-0.4616756061376407,0.006072722673672065,-0.5069066713678063,1.0,0.005748635862912928,1.0,0.014489378411472853,-0.0006600347283434978,nan,1.7148721569181502,1.6359489212273797e-05,0.0020776551299587723,1.3404947916666667,"{""0"": 337, ""1"": 606, ""2"": 374, ""3"": 171, ""4"": 48}",0.0,128.0,0.2468419375072699,768.0,12.002229811885627,0.0,0.0,0.234375,0.0,-0.46774832881131273,-0.4556028834639686,1.0,1.0,0.0,0.0,0.2408512500114739,0.2528326250030659,12.002196831919719,12.002262791851535,0.0,0.0,128.0,128.0,1.0,1.0,1.0,1.0,1.0,1.0,1.0,1.0,1.0,1.0
factorial,regime=baseline | n_assets=6 | mixer_type=product_x | depolarizing_strength_2q=0.02,classical_markowitz,2,-0.5069066713678063,0.012923507373714643,-0.5069066713678063,1.0,0.0,1.0,0.0,nan,nan,1.7148721569181502,0.0,0.0,0.0,"{""0"": 2}",0.0,0.0,4.239549161866307e-05,0.0,0.0,0.0,0.0,0.234375,1.0,-0.5198301787415209,-0.49398316399409165,1.0,1.0,1.0,1.0,4.1665975004434586e-05,4.312500823289156e-05,0.0,0.0,0.0,0.0,0.0,0.0,1.0,1.0,1.0,1.0,1.0,1.0,1.0,1.0,1.0,1.0
factorial,regime=baseline | n_assets=6 | mixer_type=product_x | depolarizing_strength_2q=0.02,random,2,-0.47132900017088747,0.013223855347496538,-0.5069066713678063,1.0,0.011923004953805105,1.0,0.035769014861415316,-0.0006600347283434978,nan,1.7148721569181502,1.0137267520051609e-05,0.0012874329750465542,1.3567708333333333,"{""0"": 328, ""1"": 625, ""2"": 353, ""3"": 167, ""4"": 63}",0.0,128.0,0.0036353960167616606,768.0,12.001974771439563,0.0,0.0,0.234375,0.0,-0.484552855518384,-0.45810514482339093,1.0,1.0,0.0,0.0,0.0035050000296905637,0.0037657920038327575,12.001903417927679,12.002046124951448,0.0,0.0,128.0,128.0,1.0,1.0,1.0,1.0,1.0,1.0,1.0,1.0,1.0,1.0
factorial,regime=baseline | n_assets=6 | mixer_type=product_x | depolarizing_strength_2q=0.02,spsa,2,-0.45751975126855915,0.027182090813916676,-0.5069066713678063,1.0,0.014233682045293026,1.0,0.01675279775762939,-0.0006600347283434978,nan,1.7148721569181502,0.29405321099947224,37.344757796932974,1.5852864583333335,"{""0"": 253, ""1"": 529, ""2"": 433, ""3"": 244, ""4"": 77}",0.0,128.0,0.0034019164741039276,768.0,12.001850791508332,0.0,0.0,0.234375,0.0,-0.48470184208247585,-0.4303376604546425,1.0,1.0,0.0,0.0,0.003394707979168743,0.0034091249690391123,12.001847415056545,12.001854167960119,0.0,0.0,128.0,128.0,1.0,1.0,1.0,1.0,1.0,1.0,1.0,1.0,1.0,1.0
factorial,regime=baseline | n_assets=6 | mixer_type=xy | depolarizing_strength_2q=0.001,bayesian_optimization,2,-0.5069066713678063,0.012923507373714616,-0.5069066713678063,1.0,0.009558600903811498,1.0,0.011923004953805105,-0.0006600347283434978,nan,1.7148721569181502,1.7525046859286212e-06,0.00022256807394626822,0.15755208333333331,"{""0"": 1300, ""1"": 230, ""2"": 6}",0.0,128.0,0.40078633348457515,768.0,12.002152479544748,0.0,0.0,0.234375,0.29166666666666663,-0.5198301787415209,-0.4939831639940917,1.0,1.0,0.25,0.3333333333333333,0.25907695799833164,0.5424957089708187,12.002123667043634,12.002181292045861,0.0,0.0,128.0,128.0,1.0,1.0,1.0,1.0,1.0,1.0,1.0,1.0,1.0,1.0
factorial,regime=baseline | n_assets=6 | mixer_type=xy | depolarizing_strength_2q=0.001,classical_markowitz,2,-0.5069066713678063,0.012923507373714643,-0.5069066713678063,1.0,0.0,1.0,0.0,nan,nan,1.7148721569181502,0.0,0.0,0.0,"{""0"": 2}",0.0,0.0,4.6353990910574794e-05,0.0,0.0,0.0,0.0,0.234375,0.125,-0.5198301787415209,-0.49398316399409165,1.0,1.0,0.0,0.25,4.579097731038928e-05,4.691700451076031e-05,0.0,0.0,0.0,0.0,0.0,0.0,1.0,1.0,1.0,1.0,1.0,1.0,1.0,1.0,1.0,1.0
factorial,regime=baseline | n_assets=6 | mixer_type=xy | depolarizing_strength_2q=0.001,random,2,-0.5069066713678063,0.012923507373714616,-0.5069066713678063,1.0,0.0,1.0,0.0,-0.0006600347283434978,nan,1.7148721569181502,1.9738918406309175e-06,0.00025068423201012654,0.15169270833333331,"{""0"": 1308, ""1"": 223, ""2"": 5}",0.0,128.0,0.0030655414739158005,768.0,12.001891583495308,0.0,0.0,0.234375,0.29166666666666663,-0.5198301787415209,-0.4939831639940917,1.0,1.0,0.25,0.3333333333333333,0.0030328749562613666,0.0030982079915702343,12.001879625022411,12.001903541968204,0.0,0.0,128.0,128.0,1.0,1.0,1.0,1.0,1.0,1.0,1.0,1.0,1.0,1.0
factorial,regime=baseline | n_assets=6 | mixer_type=xy | depolarizing_strength_2q=0.001,spsa,2,-0.5069066713678063,0.012923507373714616,-0.5069066713678063,1.0,0.0,1.0,0.0,-0.0006600347283434978,nan,1.7148721569181502,1.6557502944397352e-06,0.00021028023447717972,0.16731770833333331,"{""0"": 1290, ""1"": 236, ""2"": 9, ""3"": 1}",0.0,128.0,0.0031613335013389587,768.0,12.001853998604929,0.0,0.0,0.234375,0.29166666666666663,-0.5198301787415209,-0.4939831639940917,1.0,1.0,0.25,0.3333333333333333,0.0031445419881492853,0.003178125014528632,12.001831083092839,12.00187691411702,0.0,0.0,128.0,128.0,1.0,1.0,1.0,1.0,1.0,1.0,1.0,1.0,1.0,1.0
factorial,regime=baseline | n_assets=6 | mixer_type=xy | depolarizing_strength_2q=0.02,bayesian_optimization,2,-0.46966578481373483,0.016160726230566635,-0.5069066713678063,1.0,0.011168531838419593,1.0,0.0,-0.0006600347283434978,nan,1.7148721569181502,6.780971072772535e-06,0.000861183326242112,1.125,"{""0"": 394, ""1"": 689, ""2"": 333, ""3"": 107, ""4"": 13}",0.0,128.0,0.25481631196453236,768.0,12.00224422806059,0.0,0.0,0.234375,0.0,-0.48582651104430147,-0.4535050585831682,1.0,1.0,0.0,0.0,0.24650329095311463,0.2631293329759501,12.00222741503967,12.00226104108151,0.0,0.0,128.0,128.0,1.0,1.0,1.0,1.0,1.0,1.0,1.0,1.0,1.0,1.0
factorial,regime=baseline | n_assets=6 | mixer_type=xy | depolarizing_strength_2q=0.02,classical_markowitz,2,-0.5069066713678063,0.012923507373714643,-0.5069066713678063,1.0,0.0,1.0,0.0,nan,nan,1.7148721569181502,0.0,0.0,0.0,"{""0"": 2}",0.0,0.0,4.4666987378150225e-05,0.0,0.0,0.0,0.0,0.234375,1.0,-0.5198301787415209,-0.49398316399409165,1.0,1.0,1.0,1.0,4.441698547452688e-05,4.491698928177357e-05,0.0,0.0,0.0,0.0,0.0,0.0,1.0,1.0,1.0,1.0,1.0,1.0,1.0,1.0,1.0,1.0
factorial,regime=baseline | n_assets=6 | mixer_type=xy | depolarizing_strength_2q=0.02,random,2,-0.4752450464404119,0.025313065240437888,-0.5069066713678063,1.0,0.0016099309346080948,1.0,0.0,-0.0006600347283434978,nan,1.7148721569181502,6.648939918268284e-06,0.000844415369620072,1.0651041666666665,"{""0"": 442, ""1"": 658, ""2"": 338, ""3"": 90, ""4"": 8}",0.0,128.0,0.0035527499858289957,768.0,12.001882937445771,0.0,0.0,0.234375,0.0,-0.5005581116808497,-0.44993198119997396,1.0,1.0,0.0,0.0,0.0035245419712737203,0.003580958000384271,12.001876749971416,12.001889124920126,0.0,0.0,128.0,128.0,1.0,1.0,1.0,1.0,1.0,1.0,1.0,1.0,1.0,1.0
factorial,regime=baseline | n_assets=6 | mixer_type=xy | depolarizing_strength_2q=0.02,spsa,2,-0.47820811915234557,0.020840682277309064,-0.5069066713678063,1.0,0.003974334984601702,1.0,0.0,-0.0006600347283434978,nan,1.7148721569181502,7.015528234320497e-06,0.0008909720857587032,1.0475260416666665,"{""0"": 441, ""1"": 672, ""2"": 335, ""3"": 85, ""4"": 3}",0.0,128.0,0.0035619580012280494,768.0,12.001893770531751,0.0,0.0,0.234375,0.0,-0.49904880142965463,-0.4573674368750365,1.0,1.0,0.0,0.0,0.003383625007700175,0.0037402909947559237,12.001787875022274,12.001999666041229,0.0,0.0,128.0,128.0,1.0,1.0,1.0,1.0,1.0,1.0,1.0,1.0,1.0,1.0
factorial,regime=hard_budget | n_assets=12 | mixer_type=product_x | depolarizing_strength_2q=0.001,bayesian_optimization,2,-0.3888949113651492,0.0054914966632360895,-0.40389376584769476,1.0,0.005966553030467758,1.0011467074159848,0.016443154364411183,-0.0005259033409475192,nan,3.5661709648065463,1.2465016520446508,158.30570980967065,3.445963541666667,"{""0"": 148, ""1"": 219, ""2"": 222, ""3"": 236, ""4"": 238, ""5"": 149, ""6"": 126, ""7"": 115, ""8"": 83}",0.0,128.0,0.2881294999970123,768.0,12.006926041533006,0.0,0.0,0.120849609375,0.0,-0.3943864080283853,-0.38340341470191314,1.0,1.0,0.0,0.0,0.26521129201864824,0.3110477079753764,12.006912792043295,12.006939291022718,0.0,0.0,128.0,128.0,1.0,1.0,0.6666666666666666,1.0,1.0,1.0,1.0,1.0,0.6666666666666666,1.0
factorial,regime=hard_budget | n_assets=12 | mixer_type=product_x | depolarizing_strength_2q=0.001,classical_markowitz,2,-0.40435134743307743,0.0043966568255959515,-0.40435134743307743,1.0,0.0,1.0,0.0,nan,nan,3.5194224354870904,0.0,0.0,0.0,"{""0"": 2}",0.0,0.0,0.0011751459969673306,0.0,0.0,0.0,0.0,0.120849609375,1.0,-0.4087480042586734,-0.3999546906074815,1.0,1.0,1.0,1.0,0.0011681250180117786,0.0011821669759228826,0.0,0.0,0.0,0.0,0.0,0.0,1.0,1.0,0.6666666666666666,1.0,1.0,1.0,1.0,1.0,0.6666666666666666,1.0
factorial,regime=hard_budget | n_assets=12 | mixer_type=product_x | depolarizing_strength_2q=0.001,random,2,2.5091105656359516,2.896575937651496,-0.40115483530014406,1.0,0.013434199999067628,1.0079839690235681,0.04406910597383415,-0.0005223370251303959,nan,3.763450191092641,2.041985654181077,259.3321780809968,3.277994791666667,"{""0"": 102, ""1"": 271, ""2"": 284, ""3"": 271, ""4"": 224, ""5"": 91, ""6"": 97, ""7"": 118, ""8"": 78}",0.0,128.0,0.009726895514177158,768.0,12.006615291466005,0.0,0.0,0.120849609375,0.0,-0.38746537201554393,5.4056865032874475,1.0,1.0,0.0,0.0,0.009726083022542298,0.009727708005812019,12.006578792002983,12.006651790929027,0.0,0.0,128.0,128.0,0.6666666666666666,1.0,1.0,1.0,1.0,1.0,0.6666666666666666,1.0,1.0,1.0
factorial,regime=hard_budget | n_assets=12 | mixer_type=product_x | depolarizing_strength_2q=0.001,spsa,2,-0.3875308563503104,0.001989864888610693,-0.40240448240105764,1.0,0.011613583774081518,1.0048088044417778,0.0411789806823455,-0.0005239641697930438,nan,3.764434886456681,2.3487220772305495,298.28770380827984,3.5924479166666665,"{""0"": 128, ""1"": 257, ""2"": 209, ""3"": 195, ""4"": 231, ""5"": 127, ""6"": 136, ""7"": 141, ""8"": 112}",0.0,128.0,0.009410979488166049,768.0,12.006441978533985,0.0,0.0,0.120849609375,0.0,-0.3895207212389211,-0.38554099146169973,1.0,1.0,0.0,0.0,0.009364750003442168,0.00945720897288993,12.006431540998165,12.006452416069806,0.0,0.0,128.0,128.0,1.0,1.0,1.0,1.0,1.0,1.0,1.0,1.0,1.0,1.0
factorial,regime=hard_budget | n_assets=12 | mixer_type=product_x | depolarizing_strength_2q=0.02,bayesian_optimization,2,-0.3732954810747471,0.0062803244549271275,-0.39986108048694435,1.0,0.009020281780203287,1.011212215549683,0.03527176065503669,-0.0005206524485507089,nan,3.391298445279376,0.9315835398777713,118.31110956447695,2.30859375,"{""0"": 154, ""1"": 378, ""2"": 357, ""3"": 319, ""4"": 195, ""5"": 91, ""6"": 33, ""7"": 8, ""8"": 1}",0.0,128.0,0.2769251040008385,768.0,12.007604270474985,0.0,0.0,0.120849609375,0.0,-0.3795758055296742,-0.3670151566198199,1.0,1.0,0.0,0.0,0.22133237501839176,0.3325178329832852,12.007258664991241,12.00794987595873,0.0,0.0,128.0,128.0,0.6666666666666666,1.0,1.0,1.0,1.0,1.0,1.0,1.0,1.0,1.0
factorial,regime=hard_budget | n_assets=12 | mixer_type=product_x | depolarizing_strength_2q=0.02,classical_markowitz,2,-0.40435134743307743,0.0043966568255959515,-0.40435134743307743,1.0,0.0,1.0,0.0,nan,nan,3.5194224354870904,0.0,0.0,0.0,"{""0"": 2}",0.0,0.0,0.0011703954951371998,0.0,0.0,0.0,0.0,0.120849609375,1.0,-0.4087480042586734,-0.3999546906074815,1.0,1.0,1.0,1.0,0.0011663750046864152,0.0011744159855879843,0.0,0.0,0.0,0.0,0.0,0.0,1.0,1.0,0.6666666666666666,1.0,0.6666666666666666,1.0,0.6666666666666666,1.0,0.6666666666666666,1.0
factorial,regime=hard_budget | n_assets=12 | mixer_type=product_x | depolarizing_strength_2q=0.02,random,2,-0.3843901985823043,0.003862068042048944,-0.3981142907038248,1.0,0.009036697757463316,1.015710622667111,0.03902731924726775,-0.0005183779826872718,nan,3.717705168449859,1.7452632949635318e-06,0.0002216484384603685,2.208984375,"{""0"": 187, ""1"": 378, ""2"": 368, ""3"": 286, ""4"": 192, ""5"": 99, ""6"": 24, ""7"": 2}",0.0,128.0,0.010827229532878846,768.0,12.00696764604072,0.0,0.0,0.120849609375,0.0,-0.3882522666243532,-0.3805281305402553,1.0,1.0,0.0,0.0,0.010482209036126733,0.011172250029630959,12.00678037601756,12.007154916063882,0.0,0.0,128.0,128.0,0.6666666666666666,1.0,1.0,1.0,1.0,1.0,1.0,1.0,1.0,1.0
factorial,regime=hard_budget | n_assets=12 | mixer_type=product_x | depolarizing_strength_2q=0.02,spsa,2,-0.38750644943838375,0.0041508825955010875,-0.4010950307553375,1.0,0.007797961842259685,1.008088866376002,0.0220400326680521,-0.0005222591546293456,nan,3.3381455532023914,0.3458019597851733,43.916848892717006,2.263671875,"{""0"": 192, ""1"": 347, ""2"": 378, ""3"": 284, ""4"": 205, ""5"": 88, ""6"": 32, ""7"": 10}",0.0,128.0,0.010719645506469533,768.0,12.00690691699856,0.0,0.0,0.120849609375,0.0,-0.39165733203388486,-0.3833555668428827,1.0,1.0,0.0,0.0,0.010674333025235683,0.010764957987703383,12.006888709962368,12.006925124034751,0.0,0.0,128.0,128.0,0.6666666666666666,1.0,1.0,1.0,1.0,1.0,1.0,1.0,1.0,1.0
factorial,regime=hard_budget | n_assets=12 | mixer_type=xy | depolarizing_strength_2q=0.001,bayesian_optimization,2,-0.3971646914048623,0.0042904488963030896,-0.40389376584769476,1.0,0.0037334254888313073,1.0011467074159848,0.013230276212400902,-0.0005259033409475192,nan,3.5661709648065463,5.663918839591154e-08,7.1931769262807655e-06,0.3984375,"{""0"": 986, ""1"": 496, ""2"": 47, ""3"": 6, ""4"": 1}",0.0,128.0,0.3503786035289522,768.0,12.006258063018322,0.0,0.0,0.120849609375,0.0,-0.4014551403011654,-0.39287424250855923,1.0,1.0,0.0,0.0,0.28338791604619473,0.4173692910117097,12.005889541993383,12.00662658404326,0.0,0.0,128.0,128.0,1.0,1.0,1.0,1.0,1.0,1.0,1.0,1.0,1.0,1.0
factorial,regime=hard_budget | n_assets=12 | mixer_type=xy | depolarizing_strength_2q=0.001,classical_markowitz,2,-0.40435134743307743,0.0043966568255959515,-0.40435134743307743,1.0,0.0,1.0,0.0,nan,nan,3.5194224354870904,0.0,0.0,0.0,"{""0"": 2}",0.0,0.0,0.001152812474174425,0.0,0.0,0.0,0.0,0.120849609375,1.0,-0.4087480042586734,-0.3999546906074815,1.0,1.0,1.0,1.0,0.001140874985139817,0.001164749963209033,0.0,0.0,0.0,0.0,0.0,0.0,1.0,1.0,1.0,1.0,1.0,1.0,1.0,1.0,1.0,1.0
factorial,regime=hard_budget | n_assets=12 | mixer_type=xy | depolarizing_strength_2q=0.001,random,2,-0.39710897867584266,0.004272487233149436,-0.4025135643102884,1.0,0.003118438091736587,1.0046375976169533,0.010072835413725487,-0.0005241062035290214,nan,3.564872180916307,5.644995254471102e-08,7.169143973178299e-06,0.392578125,"{""0"": 1008, ""1"": 458, ""2"": 65, ""3"": 5}",0.0,128.0,0.00990527097019367,768.0,12.005756459519034,0.0,0.0,0.120849609375,0.0,-0.4013814659089921,-0.3928364914426932,1.0,1.0,0.0,0.0,0.009762999950908124,0.010047541989479214,12.00566854304634,12.005844375991728,0.0,0.0,128.0,128.0,1.0,1.0,1.0,1.0,1.0,1.0,1.0,1.0,1.0,1.0
factorial,regime=hard_budget | n_assets=12 | mixer_type=xy | depolarizing_strength_2q=0.001,spsa,2,-0.3972207148637953,0.00536968352431938,-0.40435134743307743,1.0,0.0035114875903880516,1.0,0.0045293006490492865,-0.0005264991503034863,nan,3.5194224354870904,6.674886383614933e-08,8.477105707190963e-06,0.38606770833333337,"{""0"": 1005, ""1"": 471, ""2"": 58, ""3"": 2}",0.0,128.0,0.00967131252400577,768.0,12.005587874999037,0.0,0.0,0.120849609375,0.0,-0.40259039838811467,-0.3918510313394759,1.0,1.0,0.0,0.0,0.00958975002868101,0.009752875019330531,12.00549404299818,12.005681706999894,0.0,0.0,128.0,128.0,1.0,1.0,1.0,1.0,1.0,1.0,1.0,1.0,1.0,1.0
factorial,regime=hard_budget | n_assets=12 | mixer_type=xy | depolarizing_strength_2q=0.02,bayesian_optimization,2,-0.3867420097589288,0.004724280764427047,-0.40435134743307743,1.0,0.005963756569465836,1.0,0.012578709501054136,-0.0005264991503034863,nan,3.5194224354870904,0.26708895881699285,33.92029776975809,2.0963541666666665,"{""0"": 195, ""1"": 405, ""2"": 382, ""3"": 294, ""4"": 156, ""5"": 81, ""6"": 21, ""7"": 2}",0.0,128.0,0.2759557500248775,768.0,12.00651675008703,0.0,0.0,0.120849609375,0.0,-0.39146629052335585,-0.38201772899450176,1.0,1.0,0.0,0.0,0.259580125042703,0.292331375007052,12.006400249083526,12.006633251090534,0.0,0.0,128.0,128.0,1.0,1.0,1.0,1.0,1.0,1.0,1.0,1.0,1.0,1.0
factorial,regime=hard_budget | n_assets=12 | mixer_type=xy | depolarizing_strength_2q=0.02,classical_markowitz,2,-0.40435134743307743,0.0043966568255959515,-0.40435134743307743,1.0,0.0,1.0,0.0,nan,nan,3.5194224354870904,0.0,0.0,0.0,"{""0"": 2}",0.0,0.0,0.0011782499786932021,0.0,0.0,0.0,0.0,0.120849609375,1.0,-0.4087480042586734,-0.3999546906074815,1.0,1.0,1.0,1.0,0.0011760839843191206,0.0011804159730672836,0.0,0.0,0.0,0.0,0.0,0.0,1.0,1.0,1.0,1.0,1.0,1.0,1.0,1.0,1.0,1.0
factorial,regime=hard_budget | n_assets=12 | mixer_type=xy | depolarizing_strength_2q=0.02,random,2,-0.3853088406542141,0.0005047008882836379,-0.40389376584769476,1.0,0.006514508296877058,1.0011467074159848,0.01601198391146247,-0.0005259033409475192,nan,3.5661709648065463,0.212839562570395,27.030624446440157,2.0865885416666665,"{""0"": 191, ""1"": 428, ""2"": 368, ""3"": 273, ""4"": 178, ""5"": 79, ""6"": 18, ""7"": 1}",0.0,128.0,0.010236895992420614,768.0,12.006214208493475,0.0,0.0,0.120849609375,0.0,-0.38581354154249775,-0.3848041397659305,1.0,1.0,0.0,0.0,0.009930457978043705,0.010543334006797522,12.005973875988275,12.006454540998675,0.0,0.0,128.0,128.0,1.0,1.0,1.0,1.0,1.0,1.0,1.0,1.0,1.0,1.0
factorial,regime=hard_budget | n_assets=12 | mixer_type=xy | depolarizing_strength_2q=0.02,spsa,2,-0.38562138039200267,0.004384580758140105,-0.40389376584769476,1.0,0.006710977417934638,1.0011467074159848,0.013214699969299554,-0.0005259033409475192,nan,3.5661709648065463,1.960832949171159e-06,0.0002490257845447372,2.0592447916666665,"{""0"": 227, ""1"": 388, ""2"": 381, ""3"": 270, ""4"": 176, ""5"": 68, ""6"": 23, ""7"": 3}",0.0,128.0,0.00974225002573803,768.0,12.005899666983169,0.0,0.0,0.120849609375,0.0,-0.39000596115014274,-0.38123679963386253,1.0,1.0,0.0,0.0,0.009640917007345706,0.009843583044130355,12.005863582948223,12.005935751018114,0.0,0.0,128.0,128.0,1.0,1.0,1.0,1.0,1.0,1.0,1.0,1.0,1.0,1.0
factorial,regime=hard_budget | n_assets=6 | mixer_type=product_x | depolarizing_strength_2q=0.001,bayesian_optimization,2,-0.41472722144155993,0.04134475985591768,-0.4189321619580028,1.0,0.0017156700686326114,1.0,0.0028143408611628062,-0.0005454845858828162,nan,4.0869739974138835,0.6182913163638745,78.52299717821205,1.6842447916666665,"{""0"": 283, ""1"": 439, ""2"": 449, ""3"": 210, ""4"": 155}",0.0,128.0,0.33706037551746704,768.0,12.00220220751362,0.0,0.0,0.234375,0.0,-0.4560719812974776,-0.37338246158564226,1.0,1.0,0.0,0.0,0.29982666700379923,0.37429408403113484,12.002163707045838,12.0022407079814,0.0,0.0,128.0,128.0,1.0,1.0,1.0,1.0,1.0,1.0,1.0,1.0,1.0,1.0
factorial,regime=hard_budget | n_assets=6 | mixer_type=product_x | depolarizing_strength_2q=0.001,classical_markowitz,2,-0.4189321619580028,0.039152671898417035,-0.4189321619580028,1.0,0.0,1.0,0.0,nan,nan,4.0869739974138835,0.0,0.0,0.0,"{""0"": 2}",0.0,0.0,4.318749415688217e-05,0.0,0.0,0.0,0.0,0.234375,1.0,-0.45808483385641985,-0.3797794900595858,1.0,1.0,1.0,1.0,4.3042004108428955e-05,4.333298420533538e-05,0.0,0.0,0.0,0.0,0.0,0.0,1.0,1.0,1.0,1.0,1.0,1.0,1.0,1.0,1.0,1.0
factorial,regime=hard_budget | n_assets=6 | mixer_type=product_x | depolarizing_strength_2q=0.001,random,2,-0.4152377303060064,0.04082358408467704,-0.4189321619580028,1.0,0.0002782822746577873,1.0,0.0,-0.0005454845858828162,nan,4.0869739974138835,0.9501758002915205,120.67232663702309,1.6764322916666665,"{""0"": 288, ""1"": 450, ""2"": 409, ""3"": 249, ""4"": 140}",0.0,128.0,0.003484437504084781,768.0,12.00197026997921,0.0,0.0,0.234375,0.0,-0.4560613143906835,-0.3744141462213294,1.0,1.0,0.0,0.0,0.0034145829849876463,0.0035542920231819153,12.001962417038158,12.001978122920264,0.0,0.0,128.0,128.0,1.0,1.0,1.0,1.0,1.0,1.0,1.0,1.0,1.0,1.0
factorial,regime=hard_budget | n_assets=6 | mixer_type=product_x | depolarizing_strength_2q=0.001,spsa,2,-0.4145752345864607,0.041274537128312694,-0.4189321619580028,1.0,0.0015887222568193027,1.0,0.0019216983043136432,-0.0005454845858828162,nan,4.0869739974138835,1.0720880853543056,136.15518683999682,1.662109375,"{""0"": 249, ""1"": 461, ""2"": 524, ""3"": 164, ""4"": 138}",0.0,128.0,0.0033894379739649594,768.0,12.001875791407656,0.0,0.0,0.234375,0.0,-0.45584977171477337,-0.373300697458148,1.0,1.0,0.0,0.0,0.0032832089927978814,0.0034956669551320374,12.001861416909378,12.001890165905934,0.0,0.0,128.0,128.0,1.0,1.0,1.0,1.0,1.0,1.0,1.0,1.0,1.0,1.0
factorial,regime=hard_budget | n_assets=6 | mixer_type=product_x | depolarizing_strength_2q=0.02,bayesian_optimization,2,-0.41544084076873655,0.039286633058077836,-0.4189321619580028,1.0,0.0005219249377397539,1.0,0.0023486622198288926,-0.0005454845858828162,nan,4.0869739974138835,3.0074179179034475e-07,3.8194207557373775e-05,1.3665364583333335,"{""0"": 340, ""1"": 577, ""2"": 381, ""3"": 192, ""4"": 46}",0.0,128.0,0.23318520851898938,768.0,12.002226353506558,0.0,0.0,0.234375,0.0,-0.4547274738268144,-0.3761542077106587,1.0,1.0,0.0,0.0,0.20631929201772436,0.2600511250202544,12.002144124009646,12.002308583003469,0.0,0.0,128.0,128.0,1.0,1.0,1.0,1.0,1.0,1.0,1.0,1.0,1.0,1.0
factorial,regime=hard_budget | n_assets=6 | mixer_type=product_x | depolarizing_strength_2q=0.02,classical_markowitz,2,-0.4189321619580028,0.039152671898417035,-0.4189321619580028,1.0,0.0,1.0,0.0,nan,nan,4.0869739974138835,0.0,0.0,0.0,"{""0"": 2}",0.0,0.0,4.279200220480561e-05,0.0,0.0,0.0,0.0,0.234375,1.0,-0.45808483385641985,-0.3797794900595858,1.0,1.0,1.0,1.0,4.254200030118227e-05,4.3042004108428955e-05,0.0,0.0,0.0,0.0,0.0,0.0,1.0,1.0,1.0,1.0,1.0,1.0,1.0,1.0,1.0,1.0
factorial,regime=hard_budget | n_assets=6 | mixer_type=product_x | depolarizing_strength_2q=0.02,random,2,-0.4151552040051748,0.04127830668732288,-0.4189321619580028,1.0,0.0004627092030493607,1.0,0.00018442692839157337,-0.0005454845858828162,nan,4.0869739974138835,3.7428686999103016e-07,4.7534432488860835e-05,1.4348958333333335,"{""0"": 301, ""1"": 581, ""2"": 394, ""3"": 205, ""4"": 55}",0.0,128.0,0.003565604507457465,768.0,12.00193647845299,0.0,0.0,0.234375,0.0,-0.4564335106924977,-0.37387689731785195,1.0,1.0,0.0,0.0,0.0035197919933125377,0.003611417021602392,12.001920624927152,12.001952331978828,0.0,0.0,128.0,128.0,1.0,1.0,1.0,1.0,1.0,1.0,1.0,1.0,1.0,1.0
factorial,regime=hard_budget | n_assets=6 | mixer_type=product_x | depolarizing_strength_2q=0.02,spsa,2,-0.4163389506345475,0.04083790545673782,-0.4189321619580028,1.0,9.036276173346458e-05,1.0,0.00027108828520039374,-0.0005454845858828162,nan,4.0869739974138835,3.020569992002119e-07,3.8361238898426914e-05,1.423828125,"{""0"": 329, ""1"": 545, ""2"": 410, ""3"": 186, ""4"": 66}",0.0,128.0,0.003495354496408254,768.0,12.001871228101663,0.0,0.0,0.234375,0.0,-0.45717685609128533,-0.3755010451778097,1.0,1.0,0.0,0.0,0.00339933397481218,0.003591375018004328,12.001842041034251,12.001900415169075,0.0,0.0,128.0,128.0,1.0,1.0,1.0,1.0,1.0,1.0,1.0,1.0,1.0,1.0
factorial,regime=hard_budget | n_assets=6 | mixer_type=xy | depolarizing_strength_2q=0.001,bayesian_optimization,2,-0.4187481499226161,0.039014766595128286,-0.4189321619580028,1.0,0.0002168066318605962,1.0,0.0,-0.0005454845858828162,nan,4.0869739974138835,3.6286358778294357e-09,4.6083675648433834e-07,0.16015625,"{""0"": 1296, ""1"": 234, ""2"": 6}",0.0,128.0,0.3041249169909861,768.0,12.002136416558642,0.0,0.0,0.234375,0.0,-0.4577629165177444,-0.37973338332748785,1.0,1.0,0.0,0.0,0.26171266700839624,0.34653716697357595,12.002095375093631,12.002177458023652,0.0,0.0,128.0,128.0,1.0,1.0,1.0,1.0,1.0,1.0,1.0,1.0,1.0,1.0
factorial,regime=hard_budget | n_assets=6 | mixer_type=xy | depolarizing_strength_2q=0.001,classical_markowitz,2,-0.4189321619580028,0.039152671898417035,-0.4189321619580028,1.0,0.0,1.0,0.0,nan,nan,4.0869739974138835,0.0,0.0,0.0,"{""0"": 2}",0.0,0.0,4.4521031668409705e-05,0.0,0.0,0.0,0.0,0.234375,0.6666666666666666,-0.45808483385641985,-0.3797794900595858,1.0,1.0,0.3333333333333333,1.0,4.270905628800392e-05,4.633300704881549e-05,0.0,0.0,0.0,0.0,0.0,0.0,1.0,1.0,1.0,1.0,1.0,1.0,1.0,1.0,1.0,1.0
factorial,regime=hard_budget | n_assets=6 | mixer_type=xy | depolarizing_strength_2q=0.001,random,2,-0.41877120328866513,0.03899171322907932,-0.4189321619580028,1.0,0.0,1.0,0.0,-0.0005454845858828162,nan,4.0869739974138835,4.658243592003115e-09,5.915757695177289e-07,0.154296875,"{""0"": 1306, ""1"": 223, ""2"": 7}",0.0,128.0,0.003051895502721891,768.0,12.001871999993455,0.0,0.0,0.234375,0.16666666666666666,-0.4577629165177444,-0.3797794900595858,1.0,1.0,0.0,0.3333333333333333,0.0029779159813188016,0.00312587502412498,12.001846249972004,12.001897750014905,0.0,0.0,128.0,128.0,1.0,1.0,1.0,1.0,1.0,1.0,1.0,1.0,1.0,1.0
factorial,regime=hard_budget | n_assets=6 | mixer_type=xy | depolarizing_strength_2q=0.001,spsa,2,-0.41868648819953996,0.038906998139954185,-0.4189321619580028,1.0,0.00030716939359406076,1.0,0.0006504198955817886,-0.0005454845858828162,nan,4.0869739974138835,8.690268353417267e-09,1.1036429142173261e-06,0.17447916666666669,"{""0"": 1277, ""1"": 250, ""2"": 9}",0.0,128.0,0.0031602704839315265,768.0,12.001887145452201,0.0,0.0,0.234375,0.16666666666666666,-0.45759348633949415,-0.3797794900595858,1.0,1.0,0.0,0.3333333333333333,0.002806040982250124,0.003514499985612929,12.00174087495543,12.002033415948972,0.0,0.0,128.0,128.0,1.0,1.0,1.0,1.0,1.0,1.0,1.0,1.0,1.0,1.0
factorial,regime=hard_budget | n_assets=6 | mixer_type=xy | depolarizing_strength_2q=0.02,bayesian_optimization,2,-0.41707474132367917,0.03950265996649052,-0.4189321619580028,1.0,0.0,1.0,0.0,-0.0005454845858828162,nan,4.0869739974138835,2.3778525195148925e-07,3.019872699783913e-05,1.1048177083333335,"{""0"": 399, ""1"": 698, ""2"": 332, ""3"": 93, ""4"": 14}",0.0,128.0,0.3226978960155975,768.0,12.002183041971875,0.0,0.0,0.234375,0.0,-0.4565774012901697,-0.37757208135718867,1.0,1.0,0.0,0.0,0.2401361670345068,0.4052596249966882,12.002130624954589,12.002235458989162,0.0,0.0,128.0,128.0,1.0,1.0,1.0,1.0,1.0,1.0,1.0,1.0,1.0,1.0
factorial,regime=hard_budget | n_assets=6 | mixer_type=xy | depolarizing_strength_2q=0.02,classical_markowitz,2,-0.4189321619580028,0.039152671898417035,-0.4189321619580028,1.0,0.0,1.0,0.0,nan,nan,4.0869739974138835,0.0,0.0,0.0,"{""0"": 2}",0.0,0.0,4.5354507165029645e-05,0.0,0.0,0.0,0.0,0.234375,1.0,-0.45808483385641985,-0.3797794900595858,1.0,1.0,1.0,1.0,4.533398896455765e-05,4.537502536550164e-05,0.0,0.0,0.0,0.0,0.0,0.0,1.0,1.0,1.0,1.0,1.0,1.0,1.0,1.0,1.0,1.0
factorial,regime=hard_budget | n_assets=6 | mixer_type=xy | depolarizing_strength_2q=0.02,random,2,-0.4160272180026779,0.03975774346177441,-0.4189321619580028,1.0,6.147564279719113e-05,1.0,0.0,-0.0005454845858828162,nan,4.0869739974138835,1.7543500534138154e-07,2.2280245678355454e-05,1.056640625,"{""0"": 442, ""1"": 678, ""2"": 316, ""3"": 87, ""4"": 13}",0.0,128.0,0.003947958000935614,768.0,12.00206387694925,0.0,0.0,0.234375,0.0,-0.4557849614644523,-0.3762694745409035,1.0,1.0,0.0,0.0,0.0037712909979745746,0.004124625003896654,12.002005501883104,12.002122252015397,0.0,0.0,128.0,128.0,1.0,1.0,1.0,1.0,1.0,1.0,1.0,1.0,1.0,1.0
factorial,regime=hard_budget | n_assets=6 | mixer_type=xy | depolarizing_strength_2q=0.02,spsa,2,-0.4166237417008618,0.039767656493976095,-0.4189321619580028,1.0,6.147564279719113e-05,1.0,0.0,-0.0005454845858828162,nan,4.0869739974138835,1.6265498230871753e-07,2.065718275320712e-05,1.0501302083333335,"{""0"": 436, ""1"": 691, ""2"": 313, ""3"": 88, ""4"": 8}",0.0,128.0,0.0035722085158340633,768.0,12.001873042027,0.0,0.0,0.234375,0.0,-0.45639139819483787,-0.3768560852068857,1.0,1.0,0.0,0.0,0.0035107919829897583,0.0036336250486783683,12.00185166602023,12.001894418033771,0.0,0.0,128.0,128.0,1.0,1.0,1.0,1.0,1.0,1.0,1.0,1.0,1.0,1.0
